txhash,website,chain
0x0106c7549ac4e0de16aefce2b8fe339127ee8003b236f623d05edc41429de779,https://app.blocksec.com/explorer/security-incidents,arbitrum
0x025cf2858723369d606ee3abbc4ec01eab064a97cc9ec578bf91c6908679be75,https://arbiscan.io/tx/0x025cf2858723369d606ee3abbc4ec01eab064a97cc9ec578bf91c6908679be75,arbitrum
0x025cf2858723369d606ee3abbc4ec01eab064a97cc9ec578bf91c6908679be75,https://x.com/ImmuneBytes/status/1742865829480525967,arbitrum
0x0e29dcf4e9b211a811caf00fc8294024867bffe4ab2819cc1625d2e9d62390af,https://arbiscan.io/tx/0x0e29dcf4e9b211a811caf00fc8294024867bffe4ab2819cc1625d2e9d62390af,arbitrum
0x0e29dcf4e9b211a811caf00fc8294024867bffe4ab2819cc1625d2e9d62390af,https://app.blocksec.com/explorer/security-incidents,arbitrum
0x1ce7e9a9e3b6dd3293c9067221ac3260858ce119ecb7ca860eac28b2474c7c9b,https://app.blocksec.com/explorer/security-incidents,arbitrum
0x1ce7e9a9e3b6dd3293c9067221ac3260858ce119ecb7ca860eac28b2474c7c9b,https://phalcon.blocksec.com/tx/arbitrum/0x1ce7e9a9e3b6dd3293c9067221ac3260858ce119ecb7ca860eac28b2474c7c9b,arbitrum
0x2af556386c023f7ebe7c662fd5d1c6cc5ed7fba4723cbd75e00faaa98cd14243,https://app.blocksec.com/explorer/security-incidents,arbitrum
0x2af556386c023f7ebe7c662fd5d1c6cc5ed7fba4723cbd75e00faaa98cd14243,https://x.com/MetaTrustAlert/status/1742364894689947796,arbitrum
0x339a65bb935f69e584ea979aa39282414371767576d4f1186a047768ef0a57c5,https://app.blocksec.com/explorer/security-incidents,arbitrum
0x3c6e053faecd331883641c1d23c9d9d37d065e4f9c4086e94a3c34bf8702618a,https://app.blocksec.com/explorer/security-incidents,arbitrum
0x3c6e053faecd331883641c1d23c9d9d37d065e4f9c4086e94a3c34bf8702618a,https://arbiscan.io/tx/0x3c6e053faecd331883641c1d23c9d9d37d065e4f9c4086e94a3c34bf8702618a,arbitrum
0x3f0aa143886f873a73ee9f1584c5f0d5043c5dff7e4f5c2ed34664dbe2fe9d25,https://arbiscan.io/tx/0x3f0aa143886f873a73ee9f1584c5f0d5043c5dff7e4f5c2ed34664dbe2fe9d25,arbitrum
0x3fe4b1486f2a800aa39131b359c0fc4fda0f4aaf621710c6b6754b4107a00fd1,https://app.blocksec.com/explorer/security-incidents,arbitrum
0x40e1b8c78083fc666cb7598efcecd0ae0af313fc41441386e4db716c2808ce07,https://app.blocksec.com/explorer/security-incidents,arbitrum
0x44a0f5650a038ab522087c02f734b80e6c748afb207995e757ed67ca037a5eda,https://app.blocksec.com/explorer/security-incidents,arbitrum
0x44a0f5650a038ab522087c02f734b80e6c748afb207995e757ed67ca037a5eda,https://arbiscan.io/tx/0x44a0f5650a038ab522087c02f734b80e6c748afb207995e757ed67ca037a5eda,arbitrum
0x48be219ac50107de5a02b417624120f4148b4fe1c01a226c672f838a5e6e0986,https://app.blocksec.com/explorer/security-incidents,arbitrum
0x51293c1155a1d33d8fc9389721362044c3a67e0ac732b3a6ec7661d47b03df9f,https://app.blocksec.com/explorer/security-incidents,arbitrum
0x51293c1155a1d33d8fc9389721362044c3a67e0ac732b3a6ec7661d47b03df9f,https://phalcon.blocksec.com/tx/arbitrum/0x51293c1155a1d33d8fc9389721362044c3a67e0ac732b3a6ec7661d47b03df9f,arbitrum
0x567f0ba7741d097b6b1aaba68e8b75b9930f3cf946681cf9ad068aa34eb11c5b,https://app.blocksec.com/explorer/security-incidents,arbitrum
0x57c96e320a3b885fabd95dd476d43c0d0fb10500d940d9594d4a458471a87abe,https://x.com/ImmuneBytes/status/1712759988626825468,arbitrum
0x57c96e320a3b885fabd95dd476d43c0d0fb10500d940d9594d4a458471a87abe,https://arbiscan.io/tx/0x57c96e320a3b885fabd95dd476d43c0d0fb10500d940d9594d4a458471a87abe,arbitrum
0x57e555328b7def90e1fc2a0f7aa6df8d601a8f15803800a5aaf0a20382f21fbd,https://app.blocksec.com/explorer/security-incidents,arbitrum
0x57e555328b7def90e1fc2a0f7aa6df8d601a8f15803800a5aaf0a20382f21fbd,https://arbiscan.io/tx/0x57e555328b7def90e1fc2a0f7aa6df8d601a8f15803800a5aaf0a20382f21fbd,arbitrum
0x5810fac8671043df0c2c63b6a0e34537ee68a2a9cb26bcdfcf8f7790caa25f16,https://app.blocksec.com/explorer/security-incidents,arbitrum
0x5d2a94785d95a740ec5f778e79ff014c880bcefec70d1a7c2440e611f84713d6,https://arbiscan.io/tx/0x5d2a94785d95a740ec5f778e79ff014c880bcefec70d1a7c2440e611f84713d6,arbitrum
0x5db5c2400ab56db697b3cc9aa02a05deab658e1438ce2f8692ca009cc45171dd,https://app.blocksec.com/explorer/security-incidents,arbitrum
0x5db5c2400ab56db697b3cc9aa02a05deab658e1438ce2f8692ca009cc45171dd,https://arbiscan.io/tx/0x5db5c2400ab56db697b3cc9aa02a05deab658e1438ce2f8692ca009cc45171dd,arbitrum
0x5e9c14e30ff1d56da37c17d84378650881095bda2802f0a0bff90fd3a8b11e31,https://app.blocksec.com/explorer/security-incidents,arbitrum
0x5f16637460021994d40430dadc020fffdb96937cfaf2b8cb6cbc03c91980ac7c,https://arbiscan.io/tx/0x5f16637460021994d40430dadc020fffdb96937cfaf2b8cb6cbc03c91980ac7c,arbitrum
0x6301d4c9f7ac1c96a65e83be6ea2fff5000f0b1939ad24955e40890bd9fe6122,https://phalcon.blocksec.com/tx/arbitrum/0x6301d4c9f7ac1c96a65e83be6ea2fff5000f0b1939ad24955e40890bd9fe6122,arbitrum
0x67c5400da117b906f8c0fc5f5149e4ea10ed6358cd9ea2ec0ed8f559d757b7df,https://app.blocksec.com/explorer/security-incidents,arbitrum
0x6caa65b3fc5c8d4c7104574c3a15cd6208f742f9ada7d81ba027b20473137705,https://x.com/ChainAegis/status/1785192859467161802,arbitrum
0x6caa65b3fc5c8d4c7104574c3a15cd6208f742f9ada7d81ba027b20473137705,https://x.com/ImmuneBytes/status/1785227424613183555,arbitrum
0x6caa65b3fc5c8d4c7104574c3a15cd6208f742f9ada7d81ba027b20473137705,https://arbiscan.io/tx/0x6caa65b3fc5c8d4c7104574c3a15cd6208f742f9ada7d81ba027b20473137705,arbitrum
0x7d6220913cc4a1307f98c4c4b351264d8d02eb2f0e39b5fbf85d0e90594cfdf3,https://app.blocksec.com/explorer/security-incidents,arbitrum
0x8464ee4eab7e10c9c07aee4637644708cd0ce43a7265f481eac2dfb0dbab942c,https://app.blocksec.com/explorer/security-incidents,arbitrum
0x864c8cfb8c54d3439613e6bd0d81a5ea2c5d0ad25c9af11afd190e5ea4dcfc1f,https://app.blocksec.com/explorer/security-incidents,arbitrum
0x864c8cfb8c54d3439613e6bd0d81a5ea2c5d0ad25c9af11afd190e5ea4dcfc1f,https://x.com/ImmuneBytes/status/1687427963157987328,arbitrum
0x979ad9b7f5331ea8034305a83b5cd50aea88adec395fff8298dd90eb1b87667f,https://app.blocksec.com/explorer/security-incidents,arbitrum
0x9a462209e573962f2654cac9bfe1277abe443cf5d1322ffd645925281fe65a2e,https://arbiscan.io/tx/0x9a462209e573962f2654cac9bfe1277abe443cf5d1322ffd645925281fe65a2e,arbitrum
0xa96584f8ab7c27daea33798bb8a66286c75a2ba57eee3b4192c771f4eb4ac609,https://app.blocksec.com/explorer/security-incidents,arbitrum
0xa9ff2b587e2741575daf893864710a5cbb44bb64ccdc487a100fa20741e0f74d,https://app.blocksec.com/explorer/security-incidents,arbitrum
0xa9ff2b587e2741575daf893864710a5cbb44bb64ccdc487a100fa20741e0f74d,https://arbiscan.io/tx/0xa9ff2b587e2741575daf893864710a5cbb44bb64ccdc487a100fa20741e0f74d,arbitrum
0xadb209cc735cec128adc9dff43bc4666cf37037efd375970eaf23a2f9fda6e03,https://app.blocksec.com/explorer/security-incidents,arbitrum
0xb1141785b7b94eb37c39c37f0272744c6e79ca1517529fec3f4af59d4c3c37ef,https://app.blocksec.com/explorer/security-incidents,arbitrum
0xb1141785b7b94eb37c39c37f0272744c6e79ca1517529fec3f4af59d4c3c37ef,https://arbiscan.io/tx/0xb1141785b7b94eb37c39c37f0272744c6e79ca1517529fec3f4af59d4c3c37ef,arbitrum
0xb1be5dee3852c818af742f5dd44def285b497ffc5c2eda0d893af542a09fb25a,https://app.blocksec.com/explorer/security-incidents,arbitrum
0xb1be5dee3852c818af742f5dd44def285b497ffc5c2eda0d893af542a09fb25a,https://arbiscan.io/tx/0xb1be5dee3852c818af742f5dd44def285b497ffc5c2eda0d893af542a09fb25a,arbitrum
0xb678ceb8da285bd6367a3e01af245d93dd23ab8f00a15157955c033a2b3b92c3,https://app.blocksec.com/explorer/security-incidents,arbitrum
0xbbc005af95fdb0decf477989059f70ebae8433955ac3ab1cf77a30ff30f0b615,https://app.blocksec.com/explorer/security-incidents,arbitrum
0xbe163f651d23f0c9e4d4a443c0cc163134a31a1c2761b60188adcfd33178f50f,https://app.blocksec.com/explorer/security-incidents,arbitrum
0xbe163f651d23f0c9e4d4a443c0cc163134a31a1c2761b60188adcfd33178f50f,https://x.com/ChainAegis/status/1790356602761200090,arbitrum
0xbe163f651d23f0c9e4d4a443c0cc163134a31a1c2761b60188adcfd33178f50f,https://arbiscan.io/tx/0xbe163f651d23f0c9e4d4a443c0cc163134a31a1c2761b60188adcfd33178f50f,arbitrum
0xc4350cf22cabfd88e4221d3496e84cd28841682d60ef89020622844e5879b99f,https://app.blocksec.com/explorer/security-incidents,arbitrum
0xc523c6307b025ebd9aef155ba792d1ba18d5d83f97c7a846f267d3d9a3004e8c,https://arbiscan.io/tx/0xc523c6307b025ebd9aef155ba792d1ba18d5d83f97c7a846f267d3d9a3004e8c,arbitrum
0xc5c4bbddec70edb58efba60c1f27bce6515a45ffcab4236026a5eeb3e877fc6d,https://app.blocksec.com/explorer/security-incidents,arbitrum
0xcb1a2f5eeb1a767ea5ccbc3665351fadc1af135d12a38c504f8f6eb997e9e603,https://phalcon.blocksec.com/explorer/tx/arbitrum/0xcb1a2f5eeb1a767ea5ccbc3665351fadc1af135d12a38c504f8f6eb997e9e603,arbitrum
0xcbb7ba9aca8467c561e7a1213556fc0da0a7d80d076c08856b590de9ff03f838,https://app.blocksec.com/explorer/security-incidents,arbitrum
0xcea8599b8b82d5c17739fda9fe69a3e19a1613405929b3e191118681b702fc6a,https://app.blocksec.com/explorer/security-incidents,arbitrum
0xcfdc8147022e8133e74d3576d43ffb56543de30ecf2a4c8c154e51ab18551926,https://app.blocksec.com/explorer/security-incidents,arbitrum
0xdac6af5695ba00b3d229574dbf7fcc326d16b9f8a52ad2620637d3022956d157,https://app.blocksec.com/explorer/security-incidents,arbitrum
0xe2301118a4ad24b944a6190b24fac26ed5a340a4a7f52788484dcce0d6f9585e,https://app.blocksec.com/explorer/security-incidents,arbitrum
0xe4bf6f1c964a89d48af60216ce110f4bf54fcbada20b7cefaf6bea55c9f4d542,https://app.blocksec.com/explorer/security-incidents,arbitrum
0xe63c77d4a205e1036a230b483753876a93915706af24264e64e470919339ab98,https://app.blocksec.com/explorer/security-incidents,arbitrum
0xe80a16678b5008d5be1484ec6e9e77dc6307632030553405863ffb38c1f94266,https://app.blocksec.com/explorer/security-incidents,arbitrum
0xe80a16678b5008d5be1484ec6e9e77dc6307632030553405863ffb38c1f94266,https://x.com/MetaTrustAlert/status/1765198524189466980,arbitrum
0xf23c38b79806433fdd85c9b2aa70971d97d284e8ec155e0cd4141d2957911ea7,https://app.blocksec.com/explorer/security-incidents,arbitrum
0xf57f041cb6d8a10e11edab50b84e49b59ff834c7d114d1e049cedd654c36194d,https://x.com/ChainAegis/status/1796484288957043100,arbitrum
0xf71e6e5164f8fb866873eb2ac6a600a5148c374d92b89ecbb37ce540a86a4550,https://app.blocksec.com/explorer/security-incidents,arbitrum
0xf99d4164aa91d94b8b2237a4fbe789c0d117460dcbe2242e832f95447166892b,https://app.blocksec.com/explorer/security-incidents,arbitrum
0xf9baf8cee8973cf9700ae1b1f41c625d7a2abdbcbc222582d24a8f2f790d0b5a,https://app.blocksec.com/explorer/security-incidents,arbitrum
0xf9baf8cee8973cf9700ae1b1f41c625d7a2abdbcbc222582d24a8f2f790d0b5a,https://arbiscan.io/tx/0xf9baf8cee8973cf9700ae1b1f41c625d7a2abdbcbc222582d24a8f2f790d0b5a,arbitrum
0xfaf84cabc3e1b0cf1ff1738dace1b2810f42d98baeea17b146ae032f0bdf82d5,https://arbiscan.io/tx/0xfaf84cabc3e1b0cf1ff1738dace1b2810f42d98baeea17b146ae032f0bdf82d5,arbitrum
0xfb044b7d892b812b430decba322922d17c3f902db6040d872d0f845e6eae7ce1,https://app.blocksec.com/explorer/security-incidents,arbitrum
0xfda5464e97043a2d0093cbed6d0a64f6a86049f5e9608c014396a7390188670e,https://app.blocksec.com/explorer/security-incidents,arbitrum
0xfda5464e97043a2d0093cbed6d0a64f6a86049f5e9608c014396a7390188670e,https://arbiscan.io/tx/0xfda5464e97043a2d0093cbed6d0a64f6a86049f5e9608c014396a7390188670e,arbitrum
0xff368294ccb3cd6e7e263526b5c820b22dea2b2fd8617119ba5c3ab8417403d8,https://x.com/BeosinAlert/status/1673930979348717570,arbitrum
0xff368294ccb3cd6e7e263526b5c820b22dea2b2fd8617119ba5c3ab8417403d8,https://x.com/BlockSecTeam/status/1673897088617426946,arbitrum
0xff368294ccb3cd6e7e263526b5c820b22dea2b2fd8617119ba5c3ab8417403d8,https://x.com/ImmuneBytes/status/1674017870219452421,arbitrum
0xff368294ccb3cd6e7e263526b5c820b22dea2b2fd8617119ba5c3ab8417403d8,https://x.com/MetaTrustAlert/status/1673874266453061635,arbitrum
0xff368294ccb3cd6e7e263526b5c820b22dea2b2fd8617119ba5c3ab8417403d8,https://arbiscan.io/tx/0xff368294ccb3cd6e7e263526b5c820b22dea2b2fd8617119ba5c3ab8417403d8,arbitrum
0xff88d10bc452c3dcf04e4ea42c585b86ac521728a40d70ec97e846ed0f0d1597,https://app.blocksec.com/explorer/security-incidents,arbitrum
0x0ab12913f9232b27b0664cd2d50e482ad6aa896aeb811b53081712f42d54c026,https://dashboard.tenderly.co/tx/ava/0x0ab12913f9232b27b0664cd2d50e482ad6aa896aeb811b53081712f42d54c026,avalanche
0x1266a937c2ccd970e5d7929021eed3ec593a95c68a99b4920c2efa226679b430,https://app.blocksec.com/explorer/security-incidents,avalanche
0x1266a937c2ccd970e5d7929021eed3ec593a95c68a99b4920c2efa226679b430,https://snowtrace.io/tx/0x1266a937c2ccd970e5d7929021eed3ec593a95c68a99b4920c2efa226679b430,avalanche
0x4425f757715e23d392cda666bc0492d9e5d5848ff89851a1821eab5ed12bb867,https://x.com/MetaTrustAlert/status/1712358883329736975,avalanche
0x4425f757715e23d392cda666bc0492d9e5d5848ff89851a1821eab5ed12bb867,https://snowtrace.io/tx/0x4425f757715e23d392cda666bc0492d9e5d5848ff89851a1821eab5ed12bb867,avalanche
0x49c5b3b414bf874689de9a5b98c55445659c2fd2ad6f8a3cdd4e0203937c395e,https://app.blocksec.com/explorer/security-incidents,avalanche
0x4b544e5ffb0420977dacb589a6fb83e25347e0685275a3327ee202449b3bfac6,https://snowtrace.io/tx/0x4b544e5ffb0420977dacb589a6fb83e25347e0685275a3327ee202449b3bfac6,avalanche
0x4f37ffecdad598f53b8d5a2d9df98e3c00fbda4328585eb9947a412b5fe17ac5,https://snowtrace.io/tx/0x4f37ffecdad598f53b8d5a2d9df98e3c00fbda4328585eb9947a412b5fe17ac5,avalanche
0x547aea57ae199779afe1f04473cd9a33aba6330df2c80e4d9d033ad3fb4f6e8d,https://app.blocksec.com/explorer/security-incidents,avalanche
0x5e785b87e62252b1fff3283ce260d74cb5b3efc4588d7a0297f505482cbab388,https://x.com/BeosinAlert/status/1678943417974378496,avalanche
0x6a09d38505beeb29ed4dbb30de2803f30f3c62e2464c6a20ec17026c372c763e,https://x.com/MetaTrustAlert/status/1712358883329736975,avalanche
0x782b2410fcc9449ead554a81f78184b6f9cca89f07ea346bc50cf11887cd9b18,https://x.com/BeosinAlert/status/1602546343511064576,avalanche
0x96d90b23678b34e9ff324bdef7a18bf190289afff848a26882a1fe3110bf9714,https://app.blocksec.com/explorer/security-incidents,avalanche
0xab39a17cdc200c812ecbb05aead6e6f574712170eafbd73736b053b168555680,https://x.com/BeosinAlert/status/1601422462012469248,avalanche
0xab39a17cdc200c812ecbb05aead6e6f574712170eafbd73736b053b168555680,https://snowtrace.io/tx/0xab39a17cdc200c812ecbb05aead6e6f574712170eafbd73736b053b168555680,avalanche
0xab5f6242fb073af1bb3cd6e891bc93d247e748a69e599a3744ff070447acb20f,https://app.blocksec.com/explorer/security-incidents,avalanche
0xc6fb8217e45870a93c25e2098f54f6e3b24674a3083c30664867de474bf0212d,https://snowtrace.io/tx/0xc6fb8217e45870a93c25e2098f54f6e3b24674a3083c30664867de474bf0212d,avalanche
0xf2c810e0b56e974bf1eb7f6d26c02367479ff9cd23c47869cdd61252752e07bc,https://x.com/MetaTrustAlert/status/1678950105817448448,avalanche
0x018159bb9d694362b344036081f13c0977aabdf846dd3fd6026f47ca575340c4,https://app.blocksec.com/explorer/security-incidents,base
0x0a2957e7a2b45db525143d419137de854a741e7d2f61468b1dc3f83c9c27f9f7,https://app.blocksec.com/explorer/security-incidents,base
0x25c11d664f89ef9237ecf2e8ff1f067821cb829694b184c7ee74e6d0a3f9bfba,https://x.com/BeosinAlert/status/1691285787101569024,base
0x39555e75d76b294248a434fdfe9640e0cfe3f22bd7fceb675fd4ef4b5e02f719,https://x.com/BlockSecTeam/status/1694992017946820844,base
0x619c44af9fedb8f5feea2dcae1da94b6d7e5e0e7f4f4a99352b6c4f5e43a4661,https://app.blocksec.com/explorer/security-incidents,base
0x619c44af9fedb8f5feea2dcae1da94b6d7e5e0e7f4f4a99352b6c4f5e43a4661,https://basescan.org/tx/0x619c44af9fedb8f5feea2dcae1da94b6d7e5e0e7f4f4a99352b6c4f5e43a4661,base
0xa618933a0e0ffd0b9f4f0835cc94e523d0941032821692c01aa96cd6f80fc3fd,https://app.blocksec.com/explorer/security-incidents,base
0xa618933a0e0ffd0b9f4f0835cc94e523d0941032821692c01aa96cd6f80fc3fd,https://app.blocksec.com/explorer/tx/base/0xa618933a0e0ffd0b9f4f0835cc94e523d0941032821692c01aa96cd6f80fc3fd,base
0xbb837d417b76dd237b4418e1695a50941a69259a1c4dee561ea57d982b9f10ec,https://x.com/MetaTrustAlert/status/1686227715538726912,base
0xbb837d417b76dd237b4418e1695a50941a69259a1c4dee561ea57d982b9f10ec,https://basescan.org/tx/0xbb837d417b76dd237b4418e1695a50941a69259a1c4dee561ea57d982b9f10ec,base
0xe63a8df8759f41937432cd34c590d85af61b3343cf438796c6ed2c8f5b906f62,https://app.blocksec.com/explorer/security-incidents,base
0xe63a8df8759f41937432cd34c590d85af61b3343cf438796c6ed2c8f5b906f62,https://basescan.org/tx/0xe63a8df8759f41937432cd34c590d85af61b3343cf438796c6ed2c8f5b906f62,base
0xf0c2ed12a446713d6e38e7a4f0e05d45360ee9305b7d6e0b796fc44f848f6052,https://app.blocksec.com/explorer/security-incidents,base
0xfbf6b17a9de7f9e1e97eb48dc68a993f7663d4b9530a3cd6cc262e554549e59d,https://app.blocksec.com/explorer/security-incidents,base
0x49a3038622bf6dc3672b1b7366382a2c513d713e06cb7c91ebb8e256ee300dfb,https://x.com/ImmuneBytes/status/1661310575878582275,bnb
0x96fcd4a61fa270f0e1608b0b88b6dbc0a91b8da9f7f34de36d3495ad4102c397,https://x.com/ImmuneBytes/status/1671505668275073026,bnb
0xa21692ffb561767a74a4cbd1b78ad48151d710efab723b1efa5f1e0147caab0a,https://x.com/ImmuneBytes/status/1649000172574195713,bnb
0xa21692ffb561767a74a4cbd1b78ad48151d710efab723b1efa5f1e0147caab0a,https://x.com/ImmuneBytes/status/1648646926898790401,bnb
0xa3c130ed8348919f73cbefce0f22d46fa381c8def93654e391ddc95553240c1e,https://x.com/ImmuneBytes/status/1669647585546493953,bnb
0xbaf3e4841614eca5480c63662b41cd058ee5c85dc69198b29e7ab63b84bc866c,https://x.com/ImmuneBytes/status/1671781789285732353,bnb
0xd92bf51b9bf464420e1261cfcd8b291ee05d5fbffbfbb316ec95131779f80809,https://x.com/ImmuneBytes/status/1664239583729528837,bnb
0xff5515268d53df41d407036f547b206e288b226989da496fda367bfeb31c5b8b,https://x.com/ImmuneBytes/status/1666387683558432768,bnb
0x03d363462519029cf9a544d44046cad0c7e64c5fb1f2adf5dd5438a9a0d2ec8e,https://bscscan.com/tx/0x03d363462519029cf9a544d44046cad0c7e64c5fb1f2adf5dd5438a9a0d2ec8e,bsc
0x03d363462519029cf9a544d44046cad0c7e64c5fb1f2adf5dd5438a9a0d2ec8e,https://x.com/BeosinAlert/status/1589501207181393920,bsc
0x042b8dc879fa193acc79f55a02c08f276eaf1c4f7c66a33811fce2a4507cea63,https://bscscan.com/tx/0x042b8dc879fa193acc79f55a02c08f276eaf1c4f7c66a33811fce2a4507cea63,bsc
0x042b8dc879fa193acc79f55a02c08f276eaf1c4f7c66a33811fce2a4507cea63,https://phalcon.blocksec.com/tx/bsc/0x042b8dc879fa193acc79f55a02c08f276eaf1c4f7c66a33811fce2a4507cea63,bsc
0x0434bf08a63d70b84fad033d38d8b645498016b3931af4d13f6c11e86848876b,https://app.blocksec.com/explorer/security-incidents,bsc
0x04c2c81dbd17a17b5eb50ec72678071328a61afe2cf07350cbca9a14a978fba6,https://x.com/MetaTrustAlert/status/1646056515999244288,bsc
0x051276afa96f2a2bd2ac224339793d82f6076f76ffa8d1b9e6febd49a4ec11b2,https://bscscan.com/tx/0x051276afa96f2a2bd2ac224339793d82f6076f76ffa8d1b9e6febd49a4ec11b2,bsc
0x05eabbb665a5b99490510d0b3f93565f394914294ab4d609895e525b43ff16f2,https://bscscan.com/tx/0x05eabbb665a5b99490510d0b3f93565f394914294ab4d609895e525b43ff16f2,bsc
0x06bbe093d9b84783b8ca92abab5eb8590cb2321285660f9b2a529d665d3f18e4,https://bscscan.com/tx/0x06bbe093d9b84783b8ca92abab5eb8590cb2321285660f9b2a529d665d3f18e4,bsc
0x098e7394a1733320e0887f0de22b18f5c71ee18d48a0f6d30c76890fb5c85375,https://bscscan.com/tx/0x098e7394a1733320e0887f0de22b18f5c71ee18d48a0f6d30c76890fb5c85375,bsc
0x098e7394a1733320e0887f0de22b18f5c71ee18d48a0f6d30c76890fb5c85375,https://app.blocksec.com/explorer/security-incidents,bsc
0x098ed45346b9ea641a5993c9d279a786a23079ac358bac45041e54825b2aed67,https://x.com/ImmuneBytes/status/1693552268757651895,bsc
0x09925028ce5d6a54801d04ff8f39e79af6c24289e84b301ddcdb6adfa51e901b,https://bscscan.com/tx/0x09925028ce5d6a54801d04ff8f39e79af6c24289e84b301ddcdb6adfa51e901b,bsc
0x09925028ce5d6a54801d04ff8f39e79af6c24289e84b301ddcdb6adfa51e901b,https://phalcon.blocksec.com/tx/bsc/0x09925028ce5d6a54801d04ff8f39e79af6c24289e84b301ddcdb6adfa51e901b,bsc
0x09925028ce5d6a54801d04ff8f39e79af6c24289e84b301ddcdb6adfa51e901b,https://x.com/BeosinAlert/status/1622806011269771266,bsc
0x0a690945b077c22dbbeede259800bb5b89bff5e9f255807fea33a76a3bf9eb93,https://x.com/MetaTrustAlert/status/1719183322675650891,bsc
0x0a89b8670c40b4067b9522a5933c3bf8c44c968103aa642b04c65d49ad9e6457,https://app.blocksec.com/explorer/security-incidents,bsc
0x0be817b6a522a111e06293435c233dab6576d7437d0e148b45efcf7ab8a10de0,https://bscscan.com/tx/0x0be817b6a522a111e06293435c233dab6576d7437d0e148b45efcf7ab8a10de0,bsc
0x0be817b6a522a111e06293435c233dab6576d7437d0e148b45efcf7ab8a10de0,https://x.com/Phalcon_xyz/status/1729861048004391306,bsc
0x0be817b6a522a111e06293435c233dab6576d7437d0e148b45efcf7ab8a10de0,https://x.com/ImmuneBytes/status/1730134461197775105,bsc
0x0c850f54c1b497c077109b3d2ef13c042bb70f7f697201bcf2a4d0cb95e74271,https://bscscan.com/tx/0x0c850f54c1b497c077109b3d2ef13c042bb70f7f697201bcf2a4d0cb95e74271,bsc
0x0df2eea85a150e5e039b5a8c0d2cfd6b4de59cb476a92238b74f243b03ecc22b,https://x.com/MetaTrustAlert/status/1664172946347413504,bsc
0x0e14cb7eabeeb2a819c52f313c986a877c1fa19824e899d1b91875c11ba053b0,https://bscscan.com/tx/0x0e14cb7eabeeb2a819c52f313c986a877c1fa19824e899d1b91875c11ba053b0,bsc
0x0e970ed84424d8ea51f6460ce6105ab68441d4450a80bc8d749fdf01e504ed8c,https://bscscan.com/tx/0x0e970ed84424d8ea51f6460ce6105ab68441d4450a80bc8d749fdf01e504ed8c,bsc
0x0f0d41cb8af42babb043d1ede58ee1f3ab8f87c2c50d5a08c3a12d89cb330299,https://app.blocksec.com/explorer/security-incidents,bsc
0x12e8c24dec36a29fdd9b9d7a8b587b3abd2519089b6438c194e6e5eb357b68d8,https://x.com/ChainAegis/status/1789490986588205529,bsc
0x12f27e81e54684146ec50973ea94881c535887c2e2f30911b3402a55d67d121d,https://app.blocksec.com/explorer/security-incidents,bsc
0x1350cc72865420ba5d3c27234fd4665ad25c021b0a75ba03bc8340a1b1f98a45,https://app.blocksec.com/explorer/security-incidents,bsc
0x1350cc72865420ba5d3c27234fd4665ad25c021b0a75ba03bc8340a1b1f98a45,https://x.com/ChainAegis/status/1796489042533761045,bsc
0x146586f05a4513136deab3557ad15df8f77ffbcdbd0dd0724bc66dbeab98a962,https://bscscan.com/tx/0x146586f05a4513136deab3557ad15df8f77ffbcdbd0dd0724bc66dbeab98a962,bsc
0x14bdd0ae0f479f5d706d4535ff8c9dde831187ef15ed6fe36d29ae5a84a244c7,https://x.com/BlockSecTeam/status/1613430775789289478,bsc
0x153eeae811a9acedad4dc76492316d5503a02ad8a324563a50b7118b4f574469,https://bscscan.com/tx/0x153eeae811a9acedad4dc76492316d5503a02ad8a324563a50b7118b4f574469,bsc
0x181a7882aac0eab1036eedba25bc95a16e10f61b5df2e99d240a16c334b9b189,https://bscscan.com/tx/0x181a7882aac0eab1036eedba25bc95a16e10f61b5df2e99d240a16c334b9b189,bsc
0x191a34e6c0780c3d1ab5c9bc04948e231d742b7d88e0e4f85568d57fcdc03182,https://phalcon.blocksec.com/tx/bsc/0x191a34e6c0780c3d1ab5c9bc04948e231d742b7d88e0e4f85568d57fcdc03182,bsc
0x199c4b88cab6b4b495b9d91af98e746811dd8f82f43117c48205e6332db9f0e0,https://app.blocksec.com/explorer/security-incidents,bsc
0x199c4b88cab6b4b495b9d91af98e746811dd8f82f43117c48205e6332db9f0e0,https://x.com/ImmuneBytes/status/1681973651044794370,bsc
0x199c4b88cab6b4b495b9d91af98e746811dd8f82f43117c48205e6332db9f0e0,https://x.com/MetaTrustAlert/status/1681837311854804992,bsc
0x199c4b88cab6b4b495b9d91af98e746811dd8f82f43117c48205e6332db9f0e0,https://bscscan.com/tx/0x199c4b88cab6b4b495b9d91af98e746811dd8f82f43117c48205e6332db9f0e0,bsc
0x1ae499ccf292a2ee5e550702b81a4a7f65cd03af2c604e2d401d52786f459ba6,https://x.com/BlockSecTeam/status/1657411284076478465,bsc
0x1ae499ccf292a2ee5e550702b81a4a7f65cd03af2c604e2d401d52786f459ba6,https://bscscan.com/tx/0x1ae499ccf292a2ee5e550702b81a4a7f65cd03af2c604e2d401d52786f459ba6,bsc
0x1b66170220287bd90f72a97368f8dea2420a24c9585e9f39bf236af6d2a7dde6,https://bscscan.com/tx/0x1b66170220287bd90f72a97368f8dea2420a24c9585e9f39bf236af6d2a7dde6,bsc
0x1c5272ce35338c57c6b9ea710a09766a17bbf14b61438940c3072ed49bfec402,https://bscscan.com/tx/0x1c5272ce35338c57c6b9ea710a09766a17bbf14b61438940c3072ed49bfec402,bsc
0x1d0af3a963682748493f21bf9e955ce3a950bee5817401bf2486db7a0af104b4,https://phalcon.blocksec.com/explorer/tx/bsc/0x1d0af3a963682748493f21bf9e955ce3a950bee5817401bf2486db7a0af104b4,bsc
0x1ddf415a4b18d25e87459ad1416077fe7398d5504171d4ca36e757b1a889f604,https://app.blocksec.com/explorer/security-incidents,bsc
0x1ddf415a4b18d25e87459ad1416077fe7398d5504171d4ca36e757b1a889f604,https://x.com/ChainAegis/status/1815029831777779879,bsc
0x1eeef7b9a12b13f82ba04a7951c163eb566aa048050d6e9318b725d7bcec6bfa,https://phalcon.blocksec.com/tx/bsc/0x1eeef7b9a12b13f82ba04a7951c163eb566aa048050d6e9318b725d7bcec6bfa,bsc
0x1f1f7e4c2d817231af97d6265fb55fb175e561f93c577cd905f8eeb6c29bca9d,https://x.com/BlockSecTeam/status/1630231333954899968,bsc
0x1f8e814029a073c52a8668e6ff5bb3264445a8b29886cc9e3ca8ed5f89ccacd3,https://bscscan.com/tx/0x1f8e814029a073c52a8668e6ff5bb3264445a8b29886cc9e3ca8ed5f89ccacd3,bsc
0x1fea385acf7ff046d928d4041db017e1d7ead66727ce7aacb3296b9d485d4a26,https://bscscan.com/tx/0x1fea385acf7ff046d928d4041db017e1d7ead66727ce7aacb3296b9d485d4a26,bsc
0x210071108f3e5cd24f49ef4b8bcdc11804984b0c0334e18a9a2cdb4cd5186067,https://app.blocksec.com/explorer/security-incidents,bsc
0x210071108f3e5cd24f49ef4b8bcdc11804984b0c0334e18a9a2cdb4cd5186067,https://x.com/ChainAegis/status/1774706342080680232,bsc
0x210071108f3e5cd24f49ef4b8bcdc11804984b0c0334e18a9a2cdb4cd5186067,https://x.com/ChainAegis/status/1774706342080680232,bsc
0x210071108f3e5cd24f49ef4b8bcdc11804984b0c0334e18a9a2cdb4cd5186067,https://phalcon.blocksec.com/explorer/tx/bsc/0x210071108f3e5cd24f49ef4b8bcdc11804984b0c0334e18a9a2cdb4cd5186067,bsc
0x21b1378e332333d9c48129fe644f7c6d6393892f6604dba58ce7da103c922519,https://x.com/BlockSecTeam/status/1630231333954899968,bsc
0x247e61bd0f41f9ec56a99558e9bbb8210d6375c2ed6efa4663ee6a960349b46d,https://bscscan.com/tx/0x247e61bd0f41f9ec56a99558e9bbb8210d6375c2ed6efa4663ee6a960349b46d,bsc
0x247f4b3dbde9d8ab95c9766588d80f8dae835129225775ebd05a6dd2c69cd79f,https://app.blocksec.com/explorer/security-incidents,bsc
0x247f4b3dbde9d8ab95c9766588d80f8dae835129225775ebd05a6dd2c69cd79f,https://x.com/ChainAegis/status/1772195853480218930,bsc
0x247f4b3dbde9d8ab95c9766588d80f8dae835129225775ebd05a6dd2c69cd79f,https://phalcon.blocksec.com/explorer/tx/bsc/0x247f4b3dbde9d8ab95c9766588d80f8dae835129225775ebd05a6dd2c69cd79f,bsc
0x2490368b43951caa8bf6f730bf0aaa0bcc2657d6f64fdcc3b0372b6500d0dcfc,https://phalcon.blocksec.com/tx/bsc/0x2490368b43951caa8bf6f730bf0aaa0bcc2657d6f64fdcc3b0372b6500d0dcfc,bsc
0x24a2fbb27d433d91372525954f0d7d1af7509547b9ada29cc6c078e732c6d075,https://bscscan.com/tx/0x24a2fbb27d433d91372525954f0d7d1af7509547b9ada29cc6c078e732c6d075,bsc
0x24a68d2a4bbb02f398d3601acfd87b09f543d935fc24862c314aaf64c295acdb,https://bscscan.com/tx/0x24a68d2a4bbb02f398d3601acfd87b09f543d935fc24862c314aaf64c295acdb,bsc
0x258e53526e5a48feb1e4beadbf7ee53e07e816681ea297332533371032446bfd,https://x.com/BeosinAlert/status/1679028240982368261,bsc
0x258e53526e5a48feb1e4beadbf7ee53e07e816681ea297332533371032446bfd,https://bscscan.com/tx/0x258e53526e5a48feb1e4beadbf7ee53e07e816681ea297332533371032446bfd,bsc
0x25e2af0a55581d5629a933af9fedd3c70e6d0c320f0b72700ca80e5cdd36c80b,https://app.blocksec.com/explorer/tx/bsc/0x25e2af0a55581d5629a933af9fedd3c70e6d0c320f0b72700ca80e5cdd36c80b,bsc
0x2b0877b5495065e90d956e44ffde6aaee5e0fcf99dd3c86f5ff53e33774ea52d,https://x.com/MetaTrustAlert/status/1705977557349552614,bsc
0x2b0877b5495065e90d956e44ffde6aaee5e0fcf99dd3c86f5ff53e33774ea52d,https://bscscan.com/tx/0x2b0877b5495065e90d956e44ffde6aaee5e0fcf99dd3c86f5ff53e33774ea52d,bsc
0x2bb704e0d158594f7373ec6e53dc9da6c6639f269207da8dab883fc3b5bf6694,https://app.blocksec.com/explorer/security-incidents,bsc
0x2bb704e0d158594f7373ec6e53dc9da6c6639f269207da8dab883fc3b5bf6694,https://bscscan.com/tx/0x2bb704e0d158594f7373ec6e53dc9da6c6639f269207da8dab883fc3b5bf6694,bsc
0x2c0ada695a507d7a03f4f308f545c7db4847b2b2c82de79e702d655d8c95dadb,https://x.com/ImmuneBytes/status/1788437075353612553,bsc
0x2c0ada695a507d7a03f4f308f545c7db4847b2b2c82de79e702d655d8c95dadb,https://app.blocksec.com/explorer/tx/bsc/0x2c0ada695a507d7a03f4f308f545c7db4847b2b2c82de79e702d655d8c95dadb,bsc
0x2c110663cbce4aef8bfbe2f729de5f18ca1ae50bada00bc35584ed354d2fde20,https://app.blocksec.com/explorer/security-incidents,bsc
0x2c123d08ca3d50c4b875c0b5de1b5c85d0bf9979dffbf87c48526e3a67396827,https://app.blocksec.com/explorer/security-incidents,bsc
0x2cbe47edb040c710b7f139cbea7a4bced4d6a0d6c5aa4380f445880437ea072f,https://bscscan.com/tx/0x2cbe47edb040c710b7f139cbea7a4bced4d6a0d6c5aa4380f445880437ea072f,bsc
0x2cd19f82d81ded614f69c48d2680e251eb1cc12756e2275a6a9b32d4ef0e0ae2,https://x.com/ImmuneBytes/status/1733075731432018371,bsc
0x2d31e45dce58572a99c51357164dc5283ff0c02d609250df1e6f4248bd62ee01,https://bscscan.com/tx/0x2d31e45dce58572a99c51357164dc5283ff0c02d609250df1e6f4248bd62ee01,bsc
0x2dd67488d958d5d966b779e84678c696eeb1e8eb6ee924b6dbad7232b3677315,https://app.blocksec.com/explorer/security-incidents,bsc
0x3065bdbc88ff9c7e5bd40c7bf0aab3bf3ffa9b3c3d5ab0744fe774a8f68d0357,https://app.blocksec.com/explorer/security-incidents,bsc
0x31262f15a5b82999bf8d9d0f7e58dcb1656108e6031a2797b612216a95e1670e,https://bscscan.com/tx/0x31262f15a5b82999bf8d9d0f7e58dcb1656108e6031a2797b612216a95e1670e,bsc
0x33d666fcd9ce5fa58bf983a73792e6c63c7378022b51bbadf6724f3bf9f9e160,https://x.com/MetaTrustAlert/status/1681837311854804992,bsc
0x33fed54de490797b99b2fc7a159e43af57e9e6bdefc2c2d052dc814cfe0096b9,https://x.com/ImmuneBytes/status/1681229134117101568,bsc
0x33fed54de490797b99b2fc7a159e43af57e9e6bdefc2c2d052dc814cfe0096b9,https://x.com/MetaTrustAlert/status/1681202742457692162,bsc
0x33fed54de490797b99b2fc7a159e43af57e9e6bdefc2c2d052dc814cfe0096b9,https://bscscan.com/tx/0x33fed54de490797b99b2fc7a159e43af57e9e6bdefc2c2d052dc814cfe0096b9,bsc
0x34030d1d002396ae6b62af3dfcb28506042fe4cc963e9d84fe33fb5b0a65b557,https://x.com/ChainAegis/status/1799103285082878141,bsc
0x354da299a497cfb606cb98410e4406eee2ece45d4f79d8a51780125f4264cd2a,https://x.com/MetaTrustAlert/status/1666123778965876742,bsc
0x3629ad588ac120163792e92b6c43bd4bdc5bf35cac66eb7f3a0267df93abc849,https://app.blocksec.com/explorer/security-incidents,bsc
0x37d921a6bb0ecdd8f1ec918d795f9c354727a3ff6b0dba98a512fceb9662a3ac,https://app.blocksec.com/explorer/security-incidents,bsc
0x37d921a6bb0ecdd8f1ec918d795f9c354727a3ff6b0dba98a512fceb9662a3ac,https://bscscan.com/tx/0x37d921a6bb0ecdd8f1ec918d795f9c354727a3ff6b0dba98a512fceb9662a3ac,bsc
0x383dbb44a91687b2b9bbd8b6779957a198d114f24af662776f384569b84fc549,https://app.blocksec.com/explorer/tx/bsc/0x383dbb44a91687b2b9bbd8b6779957a198d114f24af662776f384569b84fc549,bsc
0x38c59057bac3bbf14f5367d24fdb9f328f9982b0f9feb9c280525fac50a639a0,https://x.com/ChainAegis/status/1803626572961972406,bsc
0x39718b03ae346dfe0210b1057cf9f0c378d9ab943512264f06249ae14030c5d5,https://x.com/BlockSecTeam/status/1635865894252412928,bsc
0x3ad0cbe4bb64489399c064d6740e312cac10e25f96a7d6122cc0f880f201ec87,https://x.com/ChainAegis/status/1803626572961972406,bsc
0x3ad998a01ad1f1bbe6dba6a08e658c1749dabfa4a07da20ded3c73bcd6970d20,https://app.blocksec.com/explorer/security-incidents,bsc
0x3ad998a01ad1f1bbe6dba6a08e658c1749dabfa4a07da20ded3c73bcd6970d20,https://x.com/ChainAegis/status/1795850300797985142,bsc
0x3b472f87431a52082bae7d8524b4e0af3cf930a105646259e1249f2218525607,https://bscscan.com/tx/0x3b472f87431a52082bae7d8524b4e0af3cf930a105646259e1249f2218525607,bsc
0x3b698ba37f33ac0f822a0de7e097126d71e8216bf59ec9b2e6044df7d4f40296,https://x.com/BeosinAlert/status/1648970953307877377,bsc
0x3dcb26a1f49eb4d02ca29960b4833bfb2e83d7b5d9591aed1204168944c8c9b3,https://app.blocksec.com/explorer/security-incidents,bsc
0x3dcb26a1f49eb4d02ca29960b4833bfb2e83d7b5d9591aed1204168944c8c9b3,https://phalcon.blocksec.com/tx/bsc/0x3dcb26a1f49eb4d02ca29960b4833bfb2e83d7b5d9591aed1204168944c8c9b3,bsc
0x3ee23c1585474eaa4f976313cafbc09461abb781d263547c8397788c68a00160,https://app.blocksec.com/explorer/security-incidents,bsc
0x3ee23c1585474eaa4f976313cafbc09461abb781d263547c8397788c68a00160,https://bscscan.com/tx/0x3ee23c1585474eaa4f976313cafbc09461abb781d263547c8397788c68a00160,bsc
0x3f1973fe56de5ecd59a815d3b14741cf48385903b0ccfe248f7f10c2765061f7,https://bscscan.com/tx/0x3f1973fe56de5ecd59a815d3b14741cf48385903b0ccfe248f7f10c2765061f7,bsc
0x3f7de75566289224c5e95a35ee8717ddd6928500227a05c1d83838844c60491d,https://x.com/MetaTrustAlert/status/1742508043861135600,bsc
0x3fe3a1883f0ae263a260f7d3e9b462468f4f83c2c88bb89d1dee5d7d24262b51,https://bscscan.com/tx/0x3fe3a1883f0ae263a260f7d3e9b462468f4f83c2c88bb89d1dee5d7d24262b51,bsc
0x4051adfb0d30c627e6d8ee0f05061cba7f1a82e66795eaabae3347486194a559,https://x.com/BeosinAlert/status/1554007479301726208,bsc
0x40f3bdd0a3a8d0476ae6aa2875dc2ec60b80812e2a394b67a88260df57c65522,https://x.com/ChainAegis/status/1798900230936743955,bsc
0x41853747231dcf01017cf419e6e4aa86757e59479964bafdce0921d3e616cc67,https://bscscan.com/tx/0x41853747231dcf01017cf419e6e4aa86757e59479964bafdce0921d3e616cc67,bsc
0x42f56d3e86fb47e1edffa59222b33b73e7407d4b5bb05e23b83cb1771790f6c1,https://x.com/BeosinAlert/status/1602907558532231169,bsc
0x42f56d3e86fb47e1edffa59222b33b73e7407d4b5bb05e23b83cb1771790f6c1,https://bscscan.com/tx/0x42f56d3e86fb47e1edffa59222b33b73e7407d4b5bb05e23b83cb1771790f6c1,bsc
0x4353a6d37e95a0844f511f0ea9300ef3081130b24f0cf7a4bd1cae26ec393101,https://x.com/CertiKAlert/status/1808165374908580049,bsc
0x43da4322052b045f442cdfc03bcccc797d3bba467beda501222c35d8fd0ebd81,https://bscscan.com/tx/0x43da4322052b045f442cdfc03bcccc797d3bba467beda501222c35d8fd0ebd81,bsc
0x45054ef4e1229784fc596fc0bd9968eca8a48ff39d8a180aa1f206ba19ffd292,https://x.com/ChainAegis/status/1803626572961972406,bsc
0x458ea2d7e6c5953b0d927aabc1c6a144df276d6ffa55b236087763396ee57067,https://app.blocksec.com/explorer/security-incidents,bsc
0x45f6f792638d114f31f6608dca4c79b1216bd5c7c45218a5fd8f1c2e309c6d75,https://bscscan.com/tx/0x45f6f792638d114f31f6608dca4c79b1216bd5c7c45218a5fd8f1c2e309c6d75,bsc
0x4676c2b9355a95e3648dfd8f5d14a7936f8e5cb3bf2bdb0f353b57f78e1bda72,https://x.com/ChainAegis/status/1795317999412691140,bsc
0x477f9ee698ac8ae800ffa012ab52fd8de39b58996245c5e39a4233c1ae5f1baa,https://bscscan.com/tx/0x477f9ee698ac8ae800ffa012ab52fd8de39b58996245c5e39a4233c1ae5f1baa,bsc
0x47e123af93add709bc2516f6a5db057dfbb1d66a75b693cd7980cd3eb28c7357,https://x.com/ImmuneBytes/status/1790704640692236553,bsc
0x48c2762faf142c344085127b70367e9da2fc6b820589218777cc936d502f6547,https://app.blocksec.com/explorer/security-incidents,bsc
0x48e52a12cb297354a2a1c54cbc897cf3772328e7e71f51c9889bb8c5e533a934,https://app.blocksec.com/explorer/security-incidents,bsc
0x49a3038622bf6dc3672b1b7366382a2c513d713e06cb7c91ebb8e256ee300dfb,https://x.com/BeosinAlert/status/1661210668291489794,bsc
0x49a3038622bf6dc3672b1b7366382a2c513d713e06cb7c91ebb8e256ee300dfb,https://x.com/MetaTrustAlert/status/1661218489674399745,bsc
0x49a3038622bf6dc3672b1b7366382a2c513d713e06cb7c91ebb8e256ee300dfb,https://bscscan.com/tx/0x49a3038622bf6dc3672b1b7366382a2c513d713e06cb7c91ebb8e256ee300dfb,bsc
0x49a3038622bf6dc3672b1b7366382a2c513d713e06cb7c91ebb8e256ee300dfb,https://phalcon.blocksec.com/tx/bsc/0x49a3038622bf6dc3672b1b7366382a2c513d713e06cb7c91ebb8e256ee300dfb,bsc
0x49bed801b9a9432728b1939951acaa8f2e874453d39c7d881a62c2c157aa7613,https://bscscan.com/tx/0x49bed801b9a9432728b1939951acaa8f2e874453d39c7d881a62c2c157aa7613,bsc
0x49ca5e188c538b4f2efb45552f13309cc0dd1f3592eee54decfc9da54620c2ec,https://app.blocksec.com/explorer/security-incidents,bsc
0x49ca5e188c538b4f2efb45552f13309cc0dd1f3592eee54decfc9da54620c2ec,https://app.blocksec.com/explorer/tx/bsc/0x49ca5e188c538b4f2efb45552f13309cc0dd1f3592eee54decfc9da54620c2ec,bsc
0x4a304ff08851106691f626045b0f55d403e3a0958363bdf82b96e8ce7209c3a6,https://app.blocksec.com/explorer/security-incidents,bsc
0x4a66d01a017158ff38d6a88db98ba78435c606be57ca6df36033db4d9514f9f8,https://bscscan.com/tx/0x4a66d01a017158ff38d6a88db98ba78435c606be57ca6df36033db4d9514f9f8,bsc
0x4b1b9e3e1160d5118b2cc3102f47c1b5364647eeb7d29bd8425e67feacd9db51,https://x.com/Phalcon_xyz/status/1759933491536388480,bsc
0x4d2ca48635c8fb77c577a0ed1191e56d12de2cc3486c8d62a767c8d7ab3e37dc,https://x.com/BlockSecTeam/status/1624002078355111936,bsc
0x4e5b2efa90c62f2b62925ebd7c10c953dc73c710ef06695eac3f36fe0f6b9348,https://app.blocksec.com/explorer/security-incidents,bsc
0x4e5b2efa90c62f2b62925ebd7c10c953dc73c710ef06695eac3f36fe0f6b9348,https://bscscan.com/tx/0x4e5b2efa90c62f2b62925ebd7c10c953dc73c710ef06695eac3f36fe0f6b9348,bsc
0x4ed59e3013215c272536775a966f4365112997a6eec534d38325be014f2e15ee,https://phalcon.blocksec.com/tx/bsc/0x4ed59e3013215c272536775a966f4365112997a6eec534d38325be014f2e15ee,bsc
0x4f8cb9efb3cc9930bd38af5f5d34d15ce683111599a80df7ae50b003e746e336,https://bscscan.com/tx/0x4f8cb9efb3cc9930bd38af5f5d34d15ce683111599a80df7ae50b003e746e336,bsc
0x50da0b1b6e34bce59769157df769eb45fa11efc7d0e292900d6b0a86ae66a2b3,https://bscscan.com/tx/0x50da0b1b6e34bce59769157df769eb45fa11efc7d0e292900d6b0a86ae66a2b3,bsc
0x51913be3f31d5ddbfc77da789e5f9653ed6b219a52772309802226445a1edd5f,https://app.blocksec.com/explorer/security-incidents,bsc
0x51913be3f31d5ddbfc77da789e5f9653ed6b219a52772309802226445a1edd5f,https://x.com/MetaTrustAlert/status/1732205386789216280,bsc
0x51913be3f31d5ddbfc77da789e5f9653ed6b219a52772309802226445a1edd5f,https://phalcon.blocksec.com/tx/bsc/0x51913be3f31d5ddbfc77da789e5f9653ed6b219a52772309802226445a1edd5f,bsc
0x53be95dc8ffbc80060215133f76f48df35deef3cd7e1803e24b1e2f8aa53440b,https://phalcon.blocksec.com/tx/bsc/0x53be95dc8ffbc80060215133f76f48df35deef3cd7e1803e24b1e2f8aa53440b,bsc
0x54121ed538f27ffee2dbb232f9d9be33e39fdaf34adf993e5e019c00f6afd499,https://x.com/BeosinAlert/status/1585535908236754944,bsc
0x5446bf2b57749abdab01813a50ce36246177f3437599f3a56bc1554f596b2c3a,https://x.com/ChainAegis/status/1795668816640475376,bsc
0x557628123d137ea49564e4dccff5f5d1e508607e96dd20fe99a670519b679cb5,https://x.com/ImmuneBytes/status/1681277432270135296,bsc
0x557628123d137ea49564e4dccff5f5d1e508607e96dd20fe99a670519b679cb5,https://x.com/MetaTrustAlert/status/1680944014475030528,bsc
0x557628123d137ea49564e4dccff5f5d1e508607e96dd20fe99a670519b679cb5,https://bscscan.com/tx/0x557628123d137ea49564e4dccff5f5d1e508607e96dd20fe99a670519b679cb5,bsc
0x55983d8701e40353fee90803688170a16424ee702f6b21bb198bb8e7282112cd,https://bscscan.com/tx/0x55983d8701e40353fee90803688170a16424ee702f6b21bb198bb8e7282112cd,bsc
0x5735026e5de6d1968ab5baef0cc436cc0a3f4de4ab735335c5b1bd31fa60c582,https://bscscan.com/tx/0x5735026e5de6d1968ab5baef0cc436cc0a3f4de4ab735335c5b1bd31fa60c582,bsc
0x57aa9c85e03eb25ac5d94f15f22b3ba3ab2ef60b603b97ae76f855072ea9e3a0,https://bscscan.com/tx/0x57aa9c85e03eb25ac5d94f15f22b3ba3ab2ef60b603b97ae76f855072ea9e3a0,bsc
0x57b589f631f8ff20e2a89a649c4ec2e35be72eaecf155fdfde981c0fec2be5ba,https://bscscan.com/tx/0x57b589f631f8ff20e2a89a649c4ec2e35be72eaecf155fdfde981c0fec2be5ba,bsc
0x57b589f631f8ff20e2a89a649c4ec2e35be72eaecf155fdfde981c0fec2be5ba,https://phalcon.blocksec.com/tx/bsc/0x57b589f631f8ff20e2a89a649c4ec2e35be72eaecf155fdfde981c0fec2be5ba,bsc
0x59ed06fd0d44aec351bed54f57eccec65874da5a25a0aa71e348611710ec05f3,https://bscscan.com/tx/0x59ed06fd0d44aec351bed54f57eccec65874da5a25a0aa71e348611710ec05f3,bsc
0x5a475a73343519f899527fdb9850f68f8fc73168073c72a3cff8c0c7b8a1e520,https://x.com/ChainAegis/status/1776898291466396142,bsc
0x5a475a73343519f899527fdb9850f68f8fc73168073c72a3cff8c0c7b8a1e520,https://x.com/ChainAegis/status/1776898279298732511,bsc
0x5a475a73343519f899527fdb9850f68f8fc73168073c72a3cff8c0c7b8a1e520,https://bscscan.com/tx/0x5a475a73343519f899527fdb9850f68f8fc73168073c72a3cff8c0c7b8a1e520,bsc
0x5a504fe72ef7fc76dfeb4d979e533af4e23fe37e90b5516186d5787893c37991,https://bscscan.com/tx/0x5a504fe72ef7fc76dfeb4d979e533af4e23fe37e90b5516186d5787893c37991,bsc
0x5b3ffec387b5e77b3fc1c6423ea2cbc47b2a8dacd74eb9f20bdfd852f5c28215,https://x.com/ChainAegis/status/1793584337780371915,bsc
0x5b3ffec387b5e77b3fc1c6423ea2cbc47b2a8dacd74eb9f20bdfd852f5c28215,https://x.com/ImmuneBytes/status/1793936320227934293,bsc
0x5bcaccd71e6189a4425dad2ab248e0a2dde4964de61bd8e9e2655aae9fab8c00,https://x.com/MetaTrustAlert/status/1659803875216609281,bsc
0x5d1b433a1314f5ecf9dcda0c363bf127bff76aa9a86c7181eb4f54a62863f761,https://x.com/ChainAegis/status/1772449987340702051,bsc
0x5de8b8ac186116ea7d887b3366de953f9facb77ef694ddcd4a3e4641c57217c0,https://x.com/BlockSecTeam/status/1636593419933081600,bsc
0x5e468cba495e5f6165418fb9d87d824309c54261055425f33f588dd3b3abbcea,https://app.blocksec.com/explorer/security-incidents,bsc
0x601b8ab0c1d51e71796a0df5453ca671ae23de3d5ec9ffd87b9c378504f99c32,https://bscscan.com/tx/0x601b8ab0c1d51e71796a0df5453ca671ae23de3d5ec9ffd87b9c378504f99c32,bsc
0x61293c6dd5211a98f1a26c9f6821146e12fb5e20c850ad3ed2528195c8d4c98e,https://bscscan.com/tx/0x61293c6dd5211a98f1a26c9f6821146e12fb5e20c850ad3ed2528195c8d4c98e,bsc
0x6262c0f15c88aed6f646ed1996eb6aae9ccc5d5704d5faccd1e1397dd047bc8a,https://app.blocksec.com/explorer/security-incidents,bsc
0x62dba55054fa628845fecded658ff5b1ec1c5823f1a5e0118601aa455a30eac9,https://app.blocksec.com/explorer/security-incidents,bsc
0x62dba55054fa628845fecded658ff5b1ec1c5823f1a5e0118601aa455a30eac9,https://x.com/ImmuneBytes/status/1808385516553089096,bsc
0x62dba55054fa628845fecded658ff5b1ec1c5823f1a5e0118601aa455a30eac9,https://x.com/ImmuneBytes/status/1683788117327618049,bsc
0x62dba55054fa628845fecded658ff5b1ec1c5823f1a5e0118601aa455a30eac9,https://bscscan.com/tx/0x62dba55054fa628845fecded658ff5b1ec1c5823f1a5e0118601aa455a30eac9,bsc
0x62dbb9d5967d735ebf6fcfbbf3b7121194d4a7d61c85627388064cb8fe0ad65f,https://bscscan.com/tx/0x62dbb9d5967d735ebf6fcfbbf3b7121194d4a7d61c85627388064cb8fe0ad65f,bsc
0x63afc2c19ab89cd44815f0974857dc21bc4575c857e2a11a4c4ec2a16eef296c,https://x.com/ChainAegis/status/1799103285082878141,bsc
0x6450d8f4db09972853e948bee44f2cb54b9df786dace774106cd28820e906789,https://bscscan.com/tx/0x6450d8f4db09972853e948bee44f2cb54b9df786dace774106cd28820e906789,bsc
0x660837a1640dd9cc0561ab7ff6c85325edebfa17d8b11a3bb94457ba6dcae18c,https://app.blocksec.com/explorer/security-incidents,bsc
0x660837a1640dd9cc0561ab7ff6c85325edebfa17d8b11a3bb94457ba6dcae18c,https://x.com/ChainAegis/status/1795377395924615430,bsc
0x66dee84591aeeba6e5f31e12fe728f2ddc79a06426036793487a980c3b952947,https://x.com/ImmuneBytes/status/1701182435096953040,bsc
0x66dee84591aeeba6e5f31e12fe728f2ddc79a06426036793487a980c3b952947,https://bscscan.com/tx/0x66dee84591aeeba6e5f31e12fe728f2ddc79a06426036793487a980c3b952947,bsc
0x6759db55a4edec4f6bedb5691fc42cf024be3a1a534ddcc7edd471ef205d4047,https://app.blocksec.com/explorer/security-incidents,bsc
0x6759db55a4edec4f6bedb5691fc42cf024be3a1a534ddcc7edd471ef205d4047,https://bscscan.com/tx/0x6759db55a4edec4f6bedb5691fc42cf024be3a1a534ddcc7edd471ef205d4047,bsc
0x6a94a644856c3aa1db8249b700956379b6b3a18de9b8811566fbd56c89240a01,https://app.blocksec.com/explorer/security-incidents,bsc
0x6aef8bb501a53e290837d4398b34d5d4d881267512cfe78eb9ba7e59f41dad04,https://bscscan.com/tx/0x6aef8bb501a53e290837d4398b34d5d4d881267512cfe78eb9ba7e59f41dad04,bsc
0x6becb186ea8d701b2309da51e3420814036b9324dc56b9fb31bfbf96f7958e60,https://bscscan.com/tx/0x6becb186ea8d701b2309da51e3420814036b9324dc56b9fb31bfbf96f7958e60,bsc
0x6e9eb9695ce613889def2b783b5ce55fa57de2dd20fd97be209a75eaa3a2f48b,https://x.com/MetaTrustAlert/status/1669004818390863873,bsc
0x6e9eb9695ce613889def2b783b5ce55fa57de2dd20fd97be209a75eaa3a2f48b,https://x.com/MetaTrustAlert/status/1669004818390863873,bsc
0x6f1af27d08b10caa7e96ec3d580bf39e29fd5ece00abda7d8955715403bf34a8,https://bscscan.com/tx/0x6f1af27d08b10caa7e96ec3d580bf39e29fd5ece00abda7d8955715403bf34a8,bsc
0x70f367b9420ac2654a5223cc311c7f9c361736a39fd4e7dff9ed1b85bab7ad54,https://bscscan.com/tx/0x70f367b9420ac2654a5223cc311c7f9c361736a39fd4e7dff9ed1b85bab7ad54,bsc
0x72f8dd2bcfe2c9fbf0d933678170417802ac8a0d8995ff9a56bfbabe3aa712d6,https://app.blocksec.com/explorer/security-incidents,bsc
0x72f8dd2bcfe2c9fbf0d933678170417802ac8a0d8995ff9a56bfbabe3aa712d6,https://bscscan.com/tx/0x72f8dd2bcfe2c9fbf0d933678170417802ac8a0d8995ff9a56bfbabe3aa712d6,bsc
0x7394f2520ff4e913321dd78f67dd84483e396eb7a25cbb02e06fe875fc47013a,https://app.blocksec.com/explorer/security-incidents,bsc
0x7394f2520ff4e913321dd78f67dd84483e396eb7a25cbb02e06fe875fc47013a,https://phalcon.blocksec.com/tx/bsc/0x7394f2520ff4e913321dd78f67dd84483e396eb7a25cbb02e06fe875fc47013a,bsc
0x73e690d72f6d2cbdbdb23f448e10dacc056c5bf7a090c68979cdef3f3af2e9b0,https://app.blocksec.com/explorer/security-incidents,bsc
0x747f4cda06ad47ff0d1338d7cadf1361a87fd5eb20a718bfd05e0b0f4dd10637,https://x.com/BeosinAlert/status/1628636827279331330,bsc
0x74907b06cacbe77a5af64f8cc16ff49ff7fefc672c5d68909637caa7f9466dca,https://bscscan.com/tx/0x74907b06cacbe77a5af64f8cc16ff49ff7fefc672c5d68909637caa7f9466dca,bsc
0x75a26224da9faf37c2b3a4a634a096af7fec561f631a02c93e11e4a19d159477,https://phalcon.blocksec.com/tx/bsc/0x75a26224da9faf37c2b3a4a634a096af7fec561f631a02c93e11e4a19d159477,bsc
0x765de8357994a206bb90af57dcf427f48a2021f2f28ca81f2c00bc3b9842be8e,https://bscscan.com/tx/0x765de8357994a206bb90af57dcf427f48a2021f2f28ca81f2c00bc3b9842be8e,bsc
0x76d401e3465d24ec38b3170dbe4e6e105b9e7925954d89d638766f7afde4556f,https://x.com/BlockSecTeam/status/1615985735429132288,bsc
0x76fe3e98a02ef7c3f233415d75a513f6a322188c756ca29f81422d5425e7c7c0,https://app.blocksec.com/explorer/security-incidents,bsc
0x784b68dc7d06ee181f3127d5eb5331850b5e690cc63dd099cd7b8dc863204bf6,https://bscscan.com/tx/0x784b68dc7d06ee181f3127d5eb5331850b5e690cc63dd099cd7b8dc863204bf6,bsc
0x7ae15b298977ac58bda373e15f2d81a3098ce6070e5f2ec2f735714ac3051e11,https://x.com/ChainAegis/status/1761253187317903597,bsc
0x7b188476fd76a584f1ee3ba7eabebed4e5f27c05c9f5489f15bdc7b492549c6c,https://x.com/MetaTrustAlert/status/1680535323799957510,bsc
0x7ccb189c78376bdc35294f1779e7156233bcbc65f8681b3d6a7f512c1c2d5218,https://app.blocksec.com/explorer/security-incidents,bsc
0x7d04e953dad4c880ad72b655a9f56bc5638bf4908213ee9e74360e56fa8d7c6a,https://app.blocksec.com/explorer/security-incidents,bsc
0x7d04e953dad4c880ad72b655a9f56bc5638bf4908213ee9e74360e56fa8d7c6a,https://phalcon.blocksec.com/tx/bsc/0x7d04e953dad4c880ad72b655a9f56bc5638bf4908213ee9e74360e56fa8d7c6a,bsc
0x7d2d8d2cda2d81529e0e0af90c4bfb39b6e74fa363c60b031d719dd9d153b012,https://bscscan.com/tx/0x7d2d8d2cda2d81529e0e0af90c4bfb39b6e74fa363c60b031d719dd9d153b012,bsc
0x7e02ee7242a672fb84458d12198fae4122d7029ba64f3673e7800d811a8de93f,https://bscscan.com/tx/0x7e02ee7242a672fb84458d12198fae4122d7029ba64f3673e7800d811a8de93f,bsc
0x7e2a6ec08464e8e0118368cb933dc64ed9ce36445ecf9c49cacb970ea78531d2,https://bscscan.com/tx/0x7e2a6ec08464e8e0118368cb933dc64ed9ce36445ecf9c49cacb970ea78531d2,bsc
0x7f031e8543e75bd5c85168558be89d2e08b7c02a32d07d76517cdbb10e279782,https://x.com/BeosinAlert/status/1595346823149154304,bsc
0x7f031e8543e75bd5c85168558be89d2e08b7c02a32d07d76517cdbb10e279782,https://phalcon.blocksec.com/tx/bsc/0x7f031e8543e75bd5c85168558be89d2e08b7c02a32d07d76517cdbb10e279782,bsc
0x7f183df11f1a0225b5eb5bb2296b5dc51c0f3570e8cc15f0754de8e6f8b4cca4,https://bscscan.com/tx/0x7f183df11f1a0225b5eb5bb2296b5dc51c0f3570e8cc15f0754de8e6f8b4cca4,bsc
0x7fe96c00880b329aa0fcb00f0ef3a0766c54e13965becf9cc5e0df6fbd0deca6,https://bscscan.com/tx/0x7fe96c00880b329aa0fcb00f0ef3a0766c54e13965becf9cc5e0df6fbd0deca6,bsc
0x7ff1364c3b3b296b411965339ed956da5d17058f3164425ce800d64f1aef8210,https://app.blocksec.com/explorer/security-incidents,bsc
0x7ff1364c3b3b296b411965339ed956da5d17058f3164425ce800d64f1aef8210,https://bscscan.com/tx/0x7ff1364c3b3b296b411965339ed956da5d17058f3164425ce800d64f1aef8210,bsc
0x813dac7f2b7738e39a52e6f01a50029cdcefd9b53f93471aba5ff45a0fadc9e6,https://x.com/BlockSecTeam/status/1613430775789289478,bsc
0x815476d5908fdf0d6b5371626ee1f4dde592245871eac75bb7b935b4197908fa,https://x.com/ChainAegis/status/1803626572961972406,bsc
0x8163738d6610ca32f048ee9d30f4aa1ffdb3ca1eddf95c0eba086c3e936199ed,https://bscscan.com/tx/0x8163738d6610ca32f048ee9d30f4aa1ffdb3ca1eddf95c0eba086c3e936199ed,bsc
0x81bb0c65be5fc1288410f506eda1d092f959a589c9065bc1c83075fd245bb683,https://x.com/BeosinAlert/status/1623942545540788225,bsc
0x824de0989f2ce3230866cb61d588153e5312151aebb1e905ad775864885cd418,https://bscscan.com/tx/0x824de0989f2ce3230866cb61d588153e5312151aebb1e905ad775864885cd418,bsc
0x8293946b5c88c4a21250ca6dc93c6d1a695fb5d067bb2d4aed0a11bd5af1fb32,https://app.blocksec.com/explorer/tx/bsc/0x8293946b5c88c4a21250ca6dc93c6d1a695fb5d067bb2d4aed0a11bd5af1fb32,bsc
0x8385625e9d8011f4ad5d023d64dc7985f0315b6a4be37424c7212fe4c10dafe0,https://x.com/BeosinAlert/status/1582181583343484928,bsc
0x8385625e9d8011f4ad5d023d64dc7985f0315b6a4be37424c7212fe4c10dafe0,https://bscscan.com/tx/0x8385625e9d8011f4ad5d023d64dc7985f0315b6a4be37424c7212fe4c10dafe0,bsc
0x83b4adaf73ad34c5c53aa9b805579ed74bc1391c5297201e6457cde709dff723,https://bscscan.com/tx/0x83b4adaf73ad34c5c53aa9b805579ed74bc1391c5297201e6457cde709dff723,bsc
0x849ed7f687cc2ebd1f7c4bed0849893e829a74f512b7f4a18aea39a3ef4d83b1,https://x.com/ChainAegis/status/1798900230936743955,bsc
0x84bd77f25cc0db493c339a187c920f104a69f89053ab2deabb93c35220e6dfc0,https://bscscan.com/tx/0x84bd77f25cc0db493c339a187c920f104a69f89053ab2deabb93c35220e6dfc0,bsc
0x8710034dadecfc8c26f651c612f613fffdece6e2f9957b9ec8ab843218168c1d,https://app.blocksec.com/explorer/security-incidents,bsc
0x88a6c2c3ce86d4e0b1356861b749175884293f4302dbfdbfb16a5e373ab58a10,https://x.com/MetaTrustAlert/status/1676217250276315140,bsc
0x88a6c2c3ce86d4e0b1356861b749175884293f4302dbfdbfb16a5e373ab58a10,https://phalcon.blocksec.com/tx/bsc/0x88a6c2c3ce86d4e0b1356861b749175884293f4302dbfdbfb16a5e373ab58a10,bsc
0x88fcffc3256faac76cde4bbd0df6ea3603b1438a5a0409b2e2b91e7c2ba3371a,https://bscscan.com/tx/0x88fcffc3256faac76cde4bbd0df6ea3603b1438a5a0409b2e2b91e7c2ba3371a,bsc
0x897c2de73dd55d7701e1b69ffb3a17b0f4801ced88b0c75fe1551c5fcce6a979,https://bscscan.com/tx/0x897c2de73dd55d7701e1b69ffb3a17b0f4801ced88b0c75fe1551c5fcce6a979,bsc
0x8a453c61f0024e8e11860729083088507a02a38100da8b0c3b2d558788662fa0,https://bscscan.com/tx/0x8a453c61f0024e8e11860729083088507a02a38100da8b0c3b2d558788662fa0,bsc
0x8ae7c021ac1e6ec354d647c4a586a41ebc850b4a4dc21cf7ab1f2257120107a9,https://app.blocksec.com/explorer/security-incidents,bsc
0x8b3e0e3ea04829f941ca24c85032c3b4aeb1f8b1b278262901c2c5847dc72f1c,https://bscscan.com/tx/0x8b3e0e3ea04829f941ca24c85032c3b4aeb1f8b1b278262901c2c5847dc72f1c,bsc
0x8b77d75efa185295b09bdf2edcb509541fdde40ed5484212331ceac41b2f4ac0,https://bscscan.com/tx/0x8b77d75efa185295b09bdf2edcb509541fdde40ed5484212331ceac41b2f4ac0,bsc
0x8c96b3314e30cf62bdfd4f94df38a2f040e171e849208b328dcd4ac2cdbcb748,https://bscscan.com/tx/0x8c96b3314e30cf62bdfd4f94df38a2f040e171e849208b328dcd4ac2cdbcb748,bsc
0x8d35dfd9968ce61fb969ffe8dcc29eeeae864e466d2cb0b7d26ce63644691994,https://x.com/BeosinAlert/status/1681316257034035201,bsc
0x8d35dfd9968ce61fb969ffe8dcc29eeeae864e466d2cb0b7d26ce63644691994,https://x.com/ImmuneBytes/status/1681567876346511360,bsc
0x8d35dfd9968ce61fb969ffe8dcc29eeeae864e466d2cb0b7d26ce63644691994,https://bscscan.com/tx/0x8d35dfd9968ce61fb969ffe8dcc29eeeae864e466d2cb0b7d26ce63644691994,bsc
0x8d5fb97b35b830f8addcf31c8e0c6135f15bbc2163d891a3701ada0ad654d427,https://x.com/ChainAegis/status/1795004707741876616,bsc
0x8ee76291c1b46d267431d2a528fa7f3ea7035629500bba4f87a69b88fcaf6e23,https://x.com/ImmuneBytes/status/1701191408843952382,bsc
0x8ee76291c1b46d267431d2a528fa7f3ea7035629500bba4f87a69b88fcaf6e23,https://bscscan.com/tx/0x8ee76291c1b46d267431d2a528fa7f3ea7035629500bba4f87a69b88fcaf6e23,bsc
0x8ef3765665cd849cdf9132ab37caf6aa0f891e1f7d9f418f86a6ab6ea38b6f5b,https://app.blocksec.com/explorer/security-incidents,bsc
0x8ff764dde572928c353716358e271638fa05af54be69f043df72ad9ad054de25,https://app.blocksec.com/explorer/security-incidents,bsc
0x8ff764dde572928c353716358e271638fa05af54be69f043df72ad9ad054de25,https://x.com/ImmuneBytes/status/1777601894489485671,bsc
0x8ff764dde572928c353716358e271638fa05af54be69f043df72ad9ad054de25,https://bscscan.com/tx/0x8ff764dde572928c353716358e271638fa05af54be69f043df72ad9ad054de25,bsc
0x904e48ccc1a1eada85f2e3a6444debc428c55f8652ebbebe26e77d02be2902bf,https://bscscan.com/tx/0x904e48ccc1a1eada85f2e3a6444debc428c55f8652ebbebe26e77d02be2902bf,bsc
0x906394b2ee093720955a7d55bff1666f6cf6239e46bea8af99d6352b9687baa4,https://app.blocksec.com/explorer/security-incidents,bsc
0x906394b2ee093720955a7d55bff1666f6cf6239e46bea8af99d6352b9687baa4,https://phalcon.blocksec.com/tx/bsc/0x906394b2ee093720955a7d55bff1666f6cf6239e46bea8af99d6352b9687baa4,bsc
0x90f374ca33fbd5aaa0d01f5fcf5dee4c7af49a98dc56b47459d8b7ad52ef1e93,https://bscscan.com/tx/0x90f374ca33fbd5aaa0d01f5fcf5dee4c7af49a98dc56b47459d8b7ad52ef1e93,bsc
0x9312ae377d7ebdf3c7c3a86f80514878deb5df51aad38b6191d55db53e42b7f0,https://app.blocksec.com/explorer/tx/bsc/0x9fcf38d0af4dd08f4d60f7658b623e35664e74bca0eaebdb0c3b9a6965d6257b,bsc
0x933d19d7d822e84e34ca47ac733226367fbee0d9c0c89d88d431c4f99629d77a,https://x.com/BlockSecTeam/status/1613507804412940289,bsc
0x933d19d7d822e84e34ca47ac733226367fbee0d9c0c89d88d431c4f99629d77a,https://bscscan.com/tx/0x933d19d7d822e84e34ca47ac733226367fbee0d9c0c89d88d431c4f99629d77a,bsc
0x93ae5f0a121d5e1aadae052c36bc5ecf2d406d35222f4c6a5d63fef1d6de1081,https://app.blocksec.com/explorer/security-incidents,bsc
0x93ae5f0a121d5e1aadae052c36bc5ecf2d406d35222f4c6a5d63fef1d6de1081,https://phalcon.blocksec.com/tx/bsc/0x93ae5f0a121d5e1aadae052c36bc5ecf2d406d35222f4c6a5d63fef1d6de1081,bsc
0x943c2a5f89bc0c17f3fe1520ec6215ed8c6b897ce7f22f1b207fea3f79ae09a6,https://x.com/MetaTrustAlert/status/1664106826458370048,bsc
0x943c2a5f89bc0c17f3fe1520ec6215ed8c6b897ce7f22f1b207fea3f79ae09a6,https://bscscan.com/tx/0x943c2a5f89bc0c17f3fe1520ec6215ed8c6b897ce7f22f1b207fea3f79ae09a6,bsc
0x94746d33792aeb27d2066b6d8f3c8a8c7410fe15c9500059f35e0b21c9bfb416,https://x.com/ImmuneBytes/status/1790704640692236553,bsc
0x948132f219c0a1adbffbee5d9dc63bec676dd69341a6eca23790632cb9475312,https://bscscan.com/tx/0x948132f219c0a1adbffbee5d9dc63bec676dd69341a6eca23790632cb9475312,bsc
0x94ff0c3f3177a6ffd3365652ae2dc1f0a4ecf5f5758df1fdc3339303992a2ae4,https://app.blocksec.com/explorer/security-incidents,bsc
0x95f1806162b55c1d8bb3f96e8869c33fe111b2d6e13772602f2cb9536b39e3d7,https://bscscan.com/tx/0x95f1806162b55c1d8bb3f96e8869c33fe111b2d6e13772602f2cb9536b39e3d7,bsc
0x96b34dc3a98cd4055a984132d7f3f4cc5a16b2525113b8ef83c55ac0ba2b3713,https://x.com/MetaTrustAlert/status/1656855782342938624,bsc
0x96b34dc3a98cd4055a984132d7f3f4cc5a16b2525113b8ef83c55ac0ba2b3713,https://bscscan.com/tx/0x96b34dc3a98cd4055a984132d7f3f4cc5a16b2525113b8ef83c55ac0ba2b3713,bsc
0x976746bac23ce0a644471f393cafe038c6012af6e5d8d29ffcbd12af4bd8a274,https://x.com/MetaTrustAlert/status/1731286971639861457,bsc
0x9804ec92c9a73e65f417194e4b03bbe8552ffd140303e3180723291fbaa20038,https://x.com/ChainAegis/status/1789487594461696163,bsc
0x9983ca8eaee9ee69629f74537eaf031272af75f1e5a7725911d8b06df17c67ca,https://phalcon.blocksec.com/explorer/tx/bsc/0x9983ca8eaee9ee69629f74537eaf031272af75f1e5a7725911d8b06df17c67ca,bsc
0x9ba6723c2f529f3e5c1d7673da7258f24713330f6f51a6493d64a0f13e7ee75a,https://x.com/MetaTrustAlert/status/1664172946347413504,bsc
0x9bc904b75921b396b0e4b93a21f298b5204cf8e01e79930f546b2e9bfad71bb2,https://app.blocksec.com/explorer/security-incidents,bsc
0x9c147db3604e130738142171624eef51f1ff3394433aea64a58401531c5ca8c3,https://bscscan.com/tx/0x9c147db3604e130738142171624eef51f1ff3394433aea64a58401531c5ca8c3,bsc
0x9dab872598ee7a6290ed7d6f3a903f44a8794246c3089cc91d6cfb69be4d58b4,https://bscscan.com/tx/0x9dab872598ee7a6290ed7d6f3a903f44a8794246c3089cc91d6cfb69be4d58b4,bsc
0x9e328f77809ea3c01833ec7ed8928edb4f5798c96f302b54fc640a22b3dd1a52,https://bscscan.com/tx/0x9e328f77809ea3c01833ec7ed8928edb4f5798c96f302b54fc640a22b3dd1a52,bsc
0x9f2eb13417190e5139d57821422fc99bced025f24452a8b31f7d68133c9b0a6c,https://bscscan.com/tx/0x9f2eb13417190e5139d57821422fc99bced025f24452a8b31f7d68133c9b0a6c,bsc
0x9f4ef3cc55b016ea6b867807a09f80d1b2e36f6cd6fccfaf0182f46060332c57,https://bscscan.com/tx/0x9f4ef3cc55b016ea6b867807a09f80d1b2e36f6cd6fccfaf0182f46060332c57,bsc
0x9f8c22011fee8e0770f569fabec635ac6cd08c4b4b2409ca8f915a1353fc1321,https://x.com/ChainAegis/status/1789850382249640373,bsc
0x9fcf38d0af4dd08f4d60f7658b623e35664e74bca0eaebdb0c3b9a6965d6257b,https://x.com/ChainAegis/status/1777348357763244495,bsc
0x9fe19093a62a7037d04617b3ac4fbf5cb2d75d8cb6057e7e1b3c75cbbd5a5adc,https://bscscan.com/tx/0x9fe19093a62a7037d04617b3ac4fbf5cb2d75d8cb6057e7e1b3c75cbbd5a5adc,bsc
0x9fe673e15a002d93551c0495b50f3b75ca53603f80211fbfbabbd1cbc15406fe,https://x.com/ChainAegis/status/1803319229707649054,bsc
0xa00def91954ba9f1a1320ef582420d41ca886d417d996362bf3ac3fe2bfb9006,https://bscscan.com/tx/0xa00def91954ba9f1a1320ef582420d41ca886d417d996362bf3ac3fe2bfb9006,bsc
0xa0408770d158af99a10c60474d6433f4c20f3052e54423f4e590321341d4f2a4,https://app.blocksec.com/explorer/security-incidents,bsc
0xa0408770d158af99a10c60474d6433f4c20f3052e54423f4e590321341d4f2a4,https://phalcon.blocksec.com/explorer/tx/bsc/0xa0408770d158af99a10c60474d6433f4c20f3052e54423f4e590321341d4f2a4,bsc
0xa13c8c7a0c97093dba3096c88044273c29cebeee109e23622cd412dcca8f50f4,https://bscscan.com/tx/0xa13c8c7a0c97093dba3096c88044273c29cebeee109e23622cd412dcca8f50f4,bsc
0xa21692ffb561767a74a4cbd1b78ad48151d710efab723b1efa5f1e0147caab0a,https://x.com/MetaTrustAlert/status/1648512316215025666,bsc
0xa21692ffb561767a74a4cbd1b78ad48151d710efab723b1efa5f1e0147caab0a,https://bscscan.com/tx/0xa21692ffb561767a74a4cbd1b78ad48151d710efab723b1efa5f1e0147caab0a,bsc
0xa2be65e439eb182e8f2acfe7eff9a4bab55eb3cd789dcc0ddd19bf811af78a93,https://bscscan.com/tx/0xa2be65e439eb182e8f2acfe7eff9a4bab55eb3cd789dcc0ddd19bf811af78a93,bsc
0xa2f05191cc22b3a06e70cdf152d98592125ae1414eb03a08f299be3a944adf04,https://x.com/BeosinAlert/status/1640893350919438336,bsc
0xa3c130ed8348919f73cbefce0f22d46fa381c8def93654e391ddc95553240c1e,https://phalcon.blocksec.com/tx/bsc/0xa3c130ed8348919f73cbefce0f22d46fa381c8def93654e391ddc95553240c1e,bsc
0xa624660c29ee97f3f4ebd36232d8199e7c97533c9db711fa4027994aa11e01b9,https://bscscan.com/tx/0xa624660c29ee97f3f4ebd36232d8199e7c97533c9db711fa4027994aa11e01b9,bsc
0xa6a1e1a55985ed1d10bee405da0fd32e0670a075e35fd4bd990f4c309fae2839,https://app.blocksec.com/explorer/security-incidents,bsc
0xa916674fb8203fac6d78f5f9afc604be468a514aa61ea36c6d6ef26ecfbd0e97,https://bscscan.com/tx/0xa916674fb8203fac6d78f5f9afc604be468a514aa61ea36c6d6ef26ecfbd0e97,bsc
0xa94338d8aa312ed4b97b2a4dcb27f632b1ade6f3abec667e3bf9f002a75dabe0,https://x.com/ChainAegis/status/1791406011317989861,bsc
0xac57c78881a7c00dfbac0563e21b5ae3a8e3f9d1b07198a27313722a166cc0a3,https://bscscan.com/tx/0xac57c78881a7c00dfbac0563e21b5ae3a8e3f9d1b07198a27313722a166cc0a3,bsc
0xac8a739c1f668b13d065d56a03c37a686e0aa1c9339e79fcbc5a2d0a6311e333,https://bscscan.com/tx/0xac8a739c1f668b13d065d56a03c37a686e0aa1c9339e79fcbc5a2d0a6311e333,bsc
0xac8a739c1f668b13d065d56a03c37a686e0aa1c9339e79fcbc5a2d0a6311e333,https://phalcon.xyz/tx/bsc/0xac8a739c1f668b13d065d56a03c37a686e0aa1c9339e79fcbc5a2d0a6311e333,bsc
0xace112925935335d0d7460a2470a612494f910467e263c7ff477221deee90a2c,https://phalcon.blocksec.com/tx/bsc/0xace112925935335d0d7460a2470a612494f910467e263c7ff477221deee90a2c,bsc
0xae8ca9dc8258ae32899fe641985739c3fa53ab1f603973ac74b424e165c66ccf,https://bscscan.com/tx/0xae8ca9dc8258ae32899fe641985739c3fa53ab1f603973ac74b424e165c66ccf,bsc
0xaed4933feb60289e9c0b425983205a7d07550c117120d8546ddb0051b3e286e5,https://x.com/ChainAegis/status/1803626572961972406,bsc
0xaee8ef10ac816834cd7026ec34f35bdde568191fe2fa67724fcf2739e48c3cae,https://bscscan.com/tx/0xaee8ef10ac816834cd7026ec34f35bdde568191fe2fa67724fcf2739e48c3cae,bsc
0xb0454dc07a6cc328ea517dbebd8c90fe569d78d443e5170a815a65fe0bf28970,https://app.blocksec.com/explorer/security-incidents,bsc
0xb181e88e6b37ee9986f2a57aefb94779402fdb928654aa7c1dda5138b90d0e14,https://bscscan.com/tx/0xb181e88e6b37ee9986f2a57aefb94779402fdb928654aa7c1dda5138b90d0e14,bsc
0xb1ad1188d620746e2e64785307a7aacf2e8dbda4a33061a4f2fbc9721048e012,https://app.blocksec.com/explorer/security-incidents,bsc
0xb1db9743efbc306d9ba7b5b892e5b5d7cc2319d85ba6569fed01892bb49ea499,https://x.com/BeosinAlert/status/1581951057155891200,bsc
0xb33057f57ce451aa8cbb65508d298fe3c627509cc64a394736dace2671b6dcfa,https://phalcon.blocksec.com/explorer/tx/bsc/0xb33057f57ce451aa8cbb65508d298fe3c627509cc64a394736dace2671b6dcfa,bsc
0xb3ac111d294ea9dedfd99349304a9606df0b572d05da8cedf47ba169d10791ed,https://bscscan.com/tx/0xb3ac111d294ea9dedfd99349304a9606df0b572d05da8cedf47ba169d10791ed,bsc
0xb3bc6ca257387eae1cea3b997eb489c1a9c208d09ec4d117198029277468e25d,https://phalcon.blocksec.com/tx/bsc/0xb3bc6ca257387eae1cea3b997eb489c1a9c208d09ec4d117198029277468e25d,bsc
0xb64ae25b0d836c25d115a9368319902c972a0215bd108ae17b1b9617dfb93af8,https://phalcon.blocksec.com/tx/bsc/0xb64ae25b0d836c25d115a9368319902c972a0215bd108ae17b1b9617dfb93af8,bsc
0xb650e9f4b9eb023ea65b55ca4d088323e3d5bda377880dedb149a7fd3fd5c15f,https://phalcon.blocksec.com/tx/bsc/0xb650e9f4b9eb023ea65b55ca4d088323e3d5bda377880dedb149a7fd3fd5c15f,bsc
0xb6f9b5ef1feeadb379a2de8f79bb04dd6920bfb214136d057eed4ce23a0003f8,https://bscscan.com/tx/0xb6f9b5ef1feeadb379a2de8f79bb04dd6920bfb214136d057eed4ce23a0003f8,bsc
0xb77cb34cd01204bdad930d8c172af12462eef58dea16199185b77147d6533391,https://app.blocksec.com/explorer/security-incidents,bsc
0xb77cb34cd01204bdad930d8c172af12462eef58dea16199185b77147d6533391,https://phalcon.blocksec.com/tx/bsc/0xb77cb34cd01204bdad930d8c172af12462eef58dea16199185b77147d6533391,bsc
0xb83f9165952697f27b1c7f932bcece5dfa6f0d2f9f3c3be2bb325815bfd834ec,https://bscscan.com/tx/0xb83f9165952697f27b1c7f932bcece5dfa6f0d2f9f3c3be2bb325815bfd834ec,bsc
0xb846f3aeb9b3027fe138b23bbf41901c155bd6d4b24f08d6b83bd37a975e4e4a,https://x.com/MetaTrustAlert/status/1656855782342938624,bsc
0xb846f3aeb9b3027fe138b23bbf41901c155bd6d4b24f08d6b83bd37a975e4e4a,https://bscscan.com/tx/0xb846f3aeb9b3027fe138b23bbf41901c155bd6d4b24f08d6b83bd37a975e4e4a,bsc
0xb8f11557c43d5fa77aaab2ff78f06066ec2aa6007d6ef07bd5c3afeb592cf446,https://x.com/ImmuneBytes/status/1706293953828462679,bsc
0xb97502d3976322714c828a890857e776f25c79f187a32e2d548dda1c315d2a7d,https://x.com/BlockSecTeam/status/1620030206571593731,bsc
0xb97502d3976322714c828a890857e776f25c79f187a32e2d548dda1c315d2a7d,https://bscscan.com/tx/0xb97502d3976322714c828a890857e776f25c79f187a32e2d548dda1c315d2a7d,bsc
0xba0fa8c150b2408eec9bbbbfe63f9ca63e99f3ff53ac46ee08d691883ac05c1d,https://bscscan.com/tx/0xba0fa8c150b2408eec9bbbbfe63f9ca63e99f3ff53ac46ee08d691883ac05c1d,bsc
0xbaf3e4841614eca5480c63662b41cd058ee5c85dc69198b29e7ab63b84bc866c,https://bscscan.com/tx/0xbaf3e4841614eca5480c63662b41cd058ee5c85dc69198b29e7ab63b84bc866c,bsc
0xbc88aa6057f9da6f88e28bc908baad111ae7545e69fb0c90fbdfd485c9e72192,https://x.com/MetaTrustAlert/status/1711208224601649190,bsc
0xbcaecea2044101c80f186ce5327bec796cd9e054f0c240ddce93e2aead337370,https://bscscan.com/tx/0xbcaecea2044101c80f186ce5327bec796cd9e054f0c240ddce93e2aead337370,bsc
0xbdf76f22c41fe212f07e24ca7266d436ef4517dc1395077fabf8125ebe304442,https://bscscan.com/tx/0xbdf76f22c41fe212f07e24ca7266d436ef4517dc1395077fabf8125ebe304442,bsc
0xbea605b238c85aabe5edc636219155d8c4879d6b05c48091cf1f7286bd4702ba,https://bscscan.com/tx/0xbea605b238c85aabe5edc636219155d8c4879d6b05c48091cf1f7286bd4702ba,bsc
0xbea605b238c85aabe5edc636219155d8c4879d6b05c48091cf1f7286bd4702ba,https://phalcon.blocksec.com/tx/bsc/0xbea605b238c85aabe5edc636219155d8c4879d6b05c48091cf1f7286bd4702ba,bsc
0xbeea4ff215b15870e22ed0e4d36ccd595974ffd55c3d75dad2230196cc379a52,https://phalcon.blocksec.com/tx/bsc/0xbeea4ff215b15870e22ed0e4d36ccd595974ffd55c3d75dad2230196cc379a52,bsc
0xbfb9b3b8a0d3c589a02f06c516b5c7b7569739edd00f9836645080f2148aefc7,https://x.com/ChainAegis/status/1797879439692612033,bsc
0xc09678fec49c643a30fc8e4dec36d0507dae7e9123c270e1f073d335deab6cf0,https://x.com/BeosinAlert/status/1628301635834486784,bsc
0xc09678fec49c643a30fc8e4dec36d0507dae7e9123c270e1f073d335deab6cf0,https://x.com/BlockSecTeam/status/1628319536117153794,bsc
0xc09678fec49c643a30fc8e4dec36d0507dae7e9123c270e1f073d335deab6cf0,https://bscscan.com/tx/0xc09678fec49c643a30fc8e4dec36d0507dae7e9123c270e1f073d335deab6cf0,bsc
0xc0c4e99a76da80a4cf43d3110364840151226c0a197c1728bb60dc3f1b3a6a27,https://bscscan.com/tx/0xc0c4e99a76da80a4cf43d3110364840151226c0a197c1728bb60dc3f1b3a6a27,bsc
0xc11e4020c0830bcf84bfa197696d7bfad9ff503166337cb92ea3fade04007662,https://app.blocksec.com/explorer/security-incidents,bsc
0xc11e4020c0830bcf84bfa197696d7bfad9ff503166337cb92ea3fade04007662,https://bscscan.com/tx/0xc11e4020c0830bcf84bfa197696d7bfad9ff503166337cb92ea3fade04007662,bsc
0xc2d2d7164a9d3cfce1e1dac7dc328b350c693feb0a492a6989ceca7104eef9b7,https://bscscan.com/tx/0xc2d2d7164a9d3cfce1e1dac7dc328b350c693feb0a492a6989ceca7104eef9b7,bsc
0xc346adf14e5082e6df5aeae650f3d7f606d7e08247c2b856510766b4dfcdc57f,https://phalcon.blocksec.com/tx/bsc/0xc346adf14e5082e6df5aeae650f3d7f606d7e08247c2b856510766b4dfcdc57f,bsc
0xc7647406542f8f2473a06fea142d223022370aa5722c044c2b7ea030b8965dd0,https://bscscan.com/tx/0xc7647406542f8f2473a06fea142d223022370aa5722c044c2b7ea030b8965dd0,bsc
0xca4d0d24aa448329b7d4eb81be653224a59e7b081fc7a1c9aad59c5a38d0ae19,https://bscscan.com/tx/0xca4d0d24aa448329b7d4eb81be653224a59e7b081fc7a1c9aad59c5a38d0ae19,bsc
0xcc8fdb3c6af8bb9dfd87e913b743a13bbf138a143c27e0f387037887d28e3c7a,https://bscscan.com/tx/0xcc8fdb3c6af8bb9dfd87e913b743a13bbf138a143c27e0f387037887d28e3c7a,bsc
0xcca7ea9d48e00e7e32e5d005b57ec3cac28bc3ad0181e4ca208832e62aa52efe,https://bscscan.com/tx/0xcca7ea9d48e00e7e32e5d005b57ec3cac28bc3ad0181e4ca208832e62aa52efe,bsc
0xccb8c1cfef6de8a71d95886fe49914ca73689f9864286941960b4c23a5d542c6,https://x.com/BeosinAlert/status/1614970065992179712,bsc
0xccd12f22629b2c42d2b680362dadbd1b3d89cb4a87a8c9b297766b4974c6ad34,https://app.blocksec.com/explorer/security-incidents,bsc
0xccf513fa8a8ed762487a0dcfa54aa65c74285de1bc517bd68dbafa2813e4b7cb,https://x.com/BeosinAlert/status/1653619782317662211,bsc
0xccf513fa8a8ed762487a0dcfa54aa65c74285de1bc517bd68dbafa2813e4b7cb,https://bscscan.com/tx/0xccf513fa8a8ed762487a0dcfa54aa65c74285de1bc517bd68dbafa2813e4b7cb,bsc
0xcd781fec34b46f8c7372a9fcc7604c210b40442dc4f1a5c274fc3f9283df39ce,https://app.blocksec.com/explorer/security-incidents,bsc
0xcddcb447d64c2ce4b3ac5ebaa6d42e26d3ed0ff3831c08923c53ea998f598a7c,https://bscscan.com/tx/0xcddcb447d64c2ce4b3ac5ebaa6d42e26d3ed0ff3831c08923c53ea998f598a7c,bsc
0xce6e474dc9555ef971473fee19f87716f38ba01a0df39e78207b71eda134c420,https://app.blocksec.com/explorer/security-incidents,bsc
0xcfcee591a1a7010a8bd084b6f03698dde8eb3ac13c8f561ea20c7fc5d1f936dc,https://bscscan.com/tx/0xcfcee591a1a7010a8bd084b6f03698dde8eb3ac13c8f561ea20c7fc5d1f936dc,bsc
0xd03702e17171a32464ce748b8797008d59e2dbcecd3b3847d5138414566c886d,https://app.blocksec.com/explorer/tx/bsc/0xd03702e17171a32464ce748b8797008d59e2dbcecd3b3847d5138414566c886d,bsc
0xd08cfb22d14bc4f2808970b5ce2557124ae3d7dc9fda756647a3427b8275f054,https://x.com/BeosinAlert/status/1564240190851383302,bsc
0xd29c32ab8e43192ceea1d8c632e8c3136323215acb99936f6d85e891f69a6b34,https://x.com/BlockSecTeam/status/1622997637862502402,bsc
0xd3bfd56c1f501d449199a4739f213631419dc6630e28355ce58196791eed63fc,https://x.com/MetaTrustAlert/status/1661770306187579393,bsc
0xd423ae0e95e9d6c8a89dcfed243573867e4aad29ee99a9055728cbbe0a523439,https://app.blocksec.com/explorer/security-incidents,bsc
0xd423ae0e95e9d6c8a89dcfed243573867e4aad29ee99a9055728cbbe0a523439,https://phalcon.blocksec.com/tx/bsc/0xd423ae0e95e9d6c8a89dcfed243573867e4aad29ee99a9055728cbbe0a523439,bsc
0xd87cdecd5320301bf9a985cc17f6944e7e7c1fbb471c80076ef2d031cc3023b2,https://x.com/BeosinAlert/status/1670638160550965248,bsc
0xd87cdecd5320301bf9a985cc17f6944e7e7c1fbb471c80076ef2d031cc3023b2,https://x.com/MetaTrustAlert/status/1670669952280584192,bsc
0xd87cdecd5320301bf9a985cc17f6944e7e7c1fbb471c80076ef2d031cc3023b2,https://bscscan.com/tx/0xd87cdecd5320301bf9a985cc17f6944e7e7c1fbb471c80076ef2d031cc3023b2,bsc
0xd88f26f2f9145fa413db0cfd5d3eb121e3a50a3fdcee16c9bd4731e68332ce4b,https://bscscan.com/tx/0xd88f26f2f9145fa413db0cfd5d3eb121e3a50a3fdcee16c9bd4731e68332ce4b,bsc
0xd91cf50e8c0d12f521dcfa909c0c139e007eb26cb0868b0a22b36532ececc192,https://x.com/MetaTrustAlert/status/1667846747325079553,bsc
0xd92bf51b9bf464420e1261cfcd8b291ee05d5fbffbfbb316ec95131779f80809,https://x.com/MetaTrustAlert/status/1664172946347413504,bsc
0xd92bf51b9bf464420e1261cfcd8b291ee05d5fbffbfbb316ec95131779f80809,https://bscscan.com/tx/0xd92bf51b9bf464420e1261cfcd8b291ee05d5fbffbfbb316ec95131779f80809,bsc
0xda41af9d60d62eef28444b4c42f80754140767efb8ecef1b68b4fb1c11baa789,https://x.com/MetaTrustAlert/status/1676217250276315140,bsc
0xdb01fa33bf5b79a3976ed149913ba0a18ddd444a072a2f34a0042bf32e4e7995,https://bscscan.com/tx/0xdb01fa33bf5b79a3976ed149913ba0a18ddd444a072a2f34a0042bf32e4e7995,bsc
0xdb9a13bc970b97824e082782e838bdff0b76b30d268f1d66aac507f1d43ff4ed,https://x.com/BeosinAlert/status/1584888021299916801,bsc
0xdb9a13bc970b97824e082782e838bdff0b76b30d268f1d66aac507f1d43ff4ed,https://phalcon.blocksec.com/tx/bsc/0xdb9a13bc970b97824e082782e838bdff0b76b30d268f1d66aac507f1d43ff4ed,bsc
0xdc53a6b5bf8e2962cf0e0eada6451f10956f4c0845a3ce134ddb050365f15c86,https://phalcon.blocksec.com/tx/bsc/0xdc53a6b5bf8e2962cf0e0eada6451f10956f4c0845a3ce134ddb050365f15c86,bsc
0xdd19e3a1657f8381b561c4d6c9b61be67380e10fd4d367ccad6e8cf28c114e72,https://app.blocksec.com/explorer/security-incidents,bsc
0xdd28e1f7faf47c40a50e86f2fcee5c07d1248d0ca361effb90281a5e089530d6,https://x.com/ChainAegis/status/1803626572961972406,bsc
0xde2c8718a9efd8db0eaf9d8141089a22a89bca7d1415d04c05ba107dc1a190c3,https://x.com/BeosinAlert/status/1654659544331726848,bsc
0xde2c8718a9efd8db0eaf9d8141089a22a89bca7d1415d04c05ba107dc1a190c3,https://x.com/BlockSecTeam/status/1654654854047088641,bsc
0xde2c8718a9efd8db0eaf9d8141089a22a89bca7d1415d04c05ba107dc1a190c3,https://x.com/MetaTrustAlert/status/1654636561013833729,bsc
0xdf6252854362c3e96fd086d9c3a5397c303d265649aee0b023176bb49cf00d4b,https://bscscan.com/tx/0xdf6252854362c3e96fd086d9c3a5397c303d265649aee0b023176bb49cf00d4b,bsc
0xe15d261403612571edf8ea8be78458b88989cf1877f0b51af9159a76b74cb466,https://bscscan.com/tx/0xe15d261403612571edf8ea8be78458b88989cf1877f0b51af9159a76b74cb466,bsc
0xe15d6f7fa891c2626819209edf2d5ded6948310eaada067b400062aa022ce718,https://x.com/ChainAegis/status/1779809931962827055,bsc
0xe1f257041872c075cbe6a1212827bc346df3def6d01a07914e4006ec43027165,https://app.blocksec.com/explorer/security-incidents,bsc
0xe1f257041872c075cbe6a1212827bc346df3def6d01a07914e4006ec43027165,https://bscscan.com/tx/0xe1f257041872c075cbe6a1212827bc346df3def6d01a07914e4006ec43027165,bsc
0xe2d496ccc3c5fd65a55048391662b8d40ddb5952dc26c715c702ba3929158cb9,https://bscscan.com/tx/0xe2d496ccc3c5fd65a55048391662b8d40ddb5952dc26c715c702ba3929158cb9,bsc
0xe4db1550e3aa78a05e93bfd8fbe21b6eba5cce50dc06688949ab479ebed18048,https://x.com/BeosinAlert/status/1658000784943124480,bsc
0xe4db1550e3aa78a05e93bfd8fbe21b6eba5cce50dc06688949ab479ebed18048,https://bscscan.com/tx/0xe4db1550e3aa78a05e93bfd8fbe21b6eba5cce50dc06688949ab479ebed18048,bsc
0xe50b3fa17ad5c20327569a367f1f4c2466d37a0358b18d886de3b0f24c4a1215,https://x.com/BlockSecTeam/status/1621862573728731136,bsc
0xe59fa48212c4ee716c03e648e04f0ca390f4a4fc921a890fded0e01afa4ba96d,https://bscscan.com/tx/0xe59fa48212c4ee716c03e648e04f0ca390f4a4fc921a890fded0e01afa4ba96d,bsc
0xe64530857e64e9be1c5ef669ed883770edc6cef005e9464eeb54072ee925ebba,https://x.com/ChainAegis/status/1802547751223505243,bsc
0xe6e504208ba90d121c3212a4f2547ae28e69790ab541d459c080ec8b1f3efab2,https://bscscan.com/tx/0xe6e504208ba90d121c3212a4f2547ae28e69790ab541d459c080ec8b1f3efab2,bsc
0xe7b7c974e51d8bca3617f927f86bf907a25991fe654f457991cbf656b190fe94,https://bscscan.com/tx/0xe7b7c974e51d8bca3617f927f86bf907a25991fe654f457991cbf656b190fe94,bsc
0xe8b0131fa14d0a96327f6b5690159ffa7650d66376db87366ba78d91f17cd677,https://app.blocksec.com/explorer/security-incidents,bsc
0xe8b0131fa14d0a96327f6b5690159ffa7650d66376db87366ba78d91f17cd677,https://phalcon.blocksec.com/explorer/tx/bsc/0xe8b0131fa14d0a96327f6b5690159ffa7650d66376db87366ba78d91f17cd677,bsc
0xe968e648b2353cea06fc3da39714fb964b9354a1ee05750a3c5cc118da23444b,https://x.com/BeosinAlert/status/1667883722853711872,bsc
0xe968e648b2353cea06fc3da39714fb964b9354a1ee05750a3c5cc118da23444b,https://x.com/MetaTrustAlert/status/1667846747325079553,bsc
0xe968e648b2353cea06fc3da39714fb964b9354a1ee05750a3c5cc118da23444b,https://bscscan.com/tx/0xe968e648b2353cea06fc3da39714fb964b9354a1ee05750a3c5cc118da23444b,bsc
0xea108fe94bfc9a71bb3e4dee4a1b0fd47572e6ad6aba8b2155ac44861be628ae,https://bscscan.com/tx/0xea108fe94bfc9a71bb3e4dee4a1b0fd47572e6ad6aba8b2155ac44861be628ae,bsc
0xea5bb62b8a151917a732d4114d716c7e6c087af8b3c0b3416c9dbc37c59f04da,https://phalcon.blocksec.com/tx/bsc/0xea5bb62b8a151917a732d4114d716c7e6c087af8b3c0b3416c9dbc37c59f04da,bsc
0xea5cf9199d23a9108d84e9204cb13795a480b34a6e4ef448245a1452f69fe781,https://x.com/BeosinAlert/status/1622492222917869568,bsc
0xea95925eb0438e04d0d81dc270a99ca9fa18b94ca8c6e34272fc9e09266fcf1d,https://bscscan.com/tx/0xea95925eb0438e04d0d81dc270a99ca9fa18b94ca8c6e34272fc9e09266fcf1d,bsc
0xeaaa8f4d33b1035a790f0d7c4eb6e38db7d6d3b580e0bbc9ba39a9d6b80dd250,https://bscscan.com/tx/0xeaaa8f4d33b1035a790f0d7c4eb6e38db7d6d3b580e0bbc9ba39a9d6b80dd250,bsc
0xeb4eb487f58d39c05778fed30cd001b986d3c52279e44f46b2de2773e7ee1d5e,https://x.com/ImmuneBytes/status/1681973651044794370,bsc
0xeb4eb487f58d39c05778fed30cd001b986d3c52279e44f46b2de2773e7ee1d5e,https://bscscan.com/tx/0xeb4eb487f58d39c05778fed30cd001b986d3c52279e44f46b2de2773e7ee1d5e,bsc
0xeba8f56c5c143777a873f5668a8ab104d28e4c99e946933631de3fb85661dfa7,https://x.com/MetaTrustAlert/status/1681837311854804992,bsc
0xebe5248820241d8de80bcf66f4f1bfaaca62962824efaaa662db84bd27f5e47e,https://bscscan.com/tx/0xebe5248820241d8de80bcf66f4f1bfaaca62962824efaaa662db84bd27f5e47e,bsc
0xec1b969e1435a1449dd5179404c54b5c60e49f15a1bf6bf8922e8d2978102f4a,https://bscscan.com/tx/0xec1b969e1435a1449dd5179404c54b5c60e49f15a1bf6bf8922e8d2978102f4a,bsc
0xed348e1d6ef1c26e0040c6c3f933ea51f953bdbafad7fb11c593f6837909c079,https://x.com/BeosinAlert/status/1564957794339545091,bsc
0xed52a42b2f45e4dea8d07f70d645931e4f6da65e9ab281cd3dbb9d9d21febb45,https://app.blocksec.com/explorer/security-incidents,bsc
0xee10553c26742bec9a4761fd717642d19012bab1704cbced048425070ee21a8a,https://app.blocksec.com/explorer/security-incidents,bsc
0xee10553c26742bec9a4761fd717642d19012bab1704cbced048425070ee21a8a,https://phalcon.blocksec.com/explorer/tx/bsc/0xee10553c26742bec9a4761fd717642d19012bab1704cbced048425070ee21a8a,bsc
0xeea6ce30366e93f4ef0a4484be3492f24ace74c6adc8e04c75f2d7ad31c849f4,https://x.com/BlockSecTeam/status/1624002078355111936,bsc
0xeeaf7e9662a7488ea724223c5156e209b630cdc21c961b85868fe45b64d9b086,https://bscscan.com/tx/0xeeaf7e9662a7488ea724223c5156e209b630cdc21c961b85868fe45b64d9b086,bsc
0xef19a4dfd69874d5efda3e38b5a19cae4e0b0bdc95769760bd85ede4d15609ac,https://bscscan.com/tx/0xef19a4dfd69874d5efda3e38b5a19cae4e0b0bdc95769760bd85ede4d15609ac,bsc
0xf08b6d36dc6f650c030344b6307ae94528f77a01db11d1284ed966e7e44337d3,https://app.blocksec.com/explorer/security-incidents,bsc
0xf2a0c957fef493af44f55b201fbc6d82db2e4a045c5c856bfe3d8cb80fa30c12,https://app.blocksec.com/explorer/security-incidents,bsc
0xf2a0c957fef493af44f55b201fbc6d82db2e4a045c5c856bfe3d8cb80fa30c12,https://bscscan.com/tx/0xf2a0c957fef493af44f55b201fbc6d82db2e4a045c5c856bfe3d8cb80fa30c12,bsc
0xf2d4559aeb945fb8e4304da5320ce6a2a96415aa70286715c9fcaf5dbd9d7ed2,https://bscscan.com/tx/0xf2d4559aeb945fb8e4304da5320ce6a2a96415aa70286715c9fcaf5dbd9d7ed2,bsc
0xf6ec3c22b718c3da17746416992bac7b65a4ef42ccf5b43cf0716c82bffc2844,https://phalcon.blocksec.com/tx/bsc/0xf6ec3c22b718c3da17746416992bac7b65a4ef42ccf5b43cf0716c82bffc2844,bsc
0xf743dba906255cf6f75f8243ef8192f2a211aacf03df99322584686b5c445c23,https://bscscan.com/tx/0xf743dba906255cf6f75f8243ef8192f2a211aacf03df99322584686b5c445c23,bsc
0xf77c5904da98d3d4a6e651d0846d35545ef5ca0b969132ae81a9c63e1efc2113,https://bscscan.com/tx/0xf77c5904da98d3d4a6e651d0846d35545ef5ca0b969132ae81a9c63e1efc2113,bsc
0xf78a85eb32a193e3ed2e708803b57ea8ea22a7f25792851e3de2d7945e6d02d5,https://app.blocksec.com/explorer/security-incidents,bsc
0xf78a85eb32a193e3ed2e708803b57ea8ea22a7f25792851e3de2d7945e6d02d5,https://phalcon.blocksec.com/explorer/tx/bsc/0xf78a85eb32a193e3ed2e708803b57ea8ea22a7f25792851e3de2d7945e6d02d5,bsc
0xf9b6cc083f6e0e41ce5e5dd65b294abf577ef47c7056d86315e5e53aa662251e,https://bscscan.com/tx/0xf9b6cc083f6e0e41ce5e5dd65b294abf577ef47c7056d86315e5e53aa662251e,bsc
0xfa1ece5381b9e2b2b83cb10faefde7632ca411bb38dd6bafe1f1140b1360f6ae,https://bscscan.com/tx/0xfa1ece5381b9e2b2b83cb10faefde7632ca411bb38dd6bafe1f1140b1360f6ae,bsc
0xfb153c572e304093023b4f9694ef39135b6ed5b2515453173e81ec02df2e2104,https://app.blocksec.com/explorer/security-incidents,bsc
0xfb153c572e304093023b4f9694ef39135b6ed5b2515453173e81ec02df2e2104,https://bscscan.com/tx/0xfb153c572e304093023b4f9694ef39135b6ed5b2515453173e81ec02df2e2104,bsc
0xfcaf5a5703b926a3cd98fdc37f85b61e877b13b65ec546355ae1000f4d066e5d,https://x.com/BlockSecTeam/status/1613430775789289478,bsc
0xfcbc09744090fe1a0d8a812f744f947cbbc7f817ff01f6e69ba157a86f57915e,https://x.com/MetaTrustLabs/status/1650680674528153600,bsc
0xfd30def124c1345606598ae4817ae184fc1918fc638111c6e71bc9752361fd87,https://bscscan.com/tx/0xfd30def124c1345606598ae4817ae184fc1918fc638111c6e71bc9752361fd87,bsc
0xfe80df5d689137810df01e83b4bb51409f13c865e37b23059ecc6b3d32347136,https://bscscan.com/tx/0xfe80df5d689137810df01e83b4bb51409f13c865e37b23059ecc6b3d32347136,bsc
0xff5515268d53df41d407036f547b206e288b226989da496fda367bfeb31c5b8b,https://x.com/MetaTrustAlert/status/1666104243441344512,bsc
0xff5515268d53df41d407036f547b206e288b226989da496fda367bfeb31c5b8b,https://bscscan.com/tx/0xff5515268d53df41d407036f547b206e288b226989da496fda367bfeb31c5b8b,bsc
0xffe9ca7960c68a036d2702edb4978ac2eb2c0b8423f60c80a6dc489fb379ff7c,https://app.blocksec.com/explorer/security-incidents,bsc
0x006763dff653ecddfd3681181a29e7e6d6c2aaa7bafb27fe1376f3f7ce367c1e,https://app.blocksec.com/explorer/security-incidents,eth
0x00b375f8e90fc54c1345b33c686977ebec26877e2c8cac165429927a6c9bdbec,https://phalcon.blocksec.com/tx/eth/0x00b375f8e90fc54c1345b33c686977ebec26877e2c8cac165429927a6c9bdbec,eth
0x00b375f8e90fc54c1345b33c686977ebec26877e2c8cac165429927a6c9bdbec,https://x.com/ImmuneBytes/status/1701494857204650185,eth
0x00b375f8e90fc54c1345b33c686977ebec26877e2c8cac165429927a6c9bdbec,https://x.com/MetaTrustAlert/status/1701411135336181856,eth
0x00c503b595946bccaea3d58025b5f9b3726177bbdc9674e634244135282116c7,https://etherscan.io/tx/0x00c503b595946bccaea3d58025b5f9b3726177bbdc9674e634244135282116c7,eth
0x00c503b595946bccaea3d58025b5f9b3726177bbdc9674e634244135282116c7,https://app.blocksec.com/explorer/security-incidents,eth
0x00edd68087ee372a1b6e05249cc6c992bb7b8478cc0ddc70c2a1453428285808,https://etherscan.io/tx/0x00edd68087ee372a1b6e05249cc6c992bb7b8478cc0ddc70c2a1453428285808,eth
0x032c9e7fa7d1697fa64fd4a59f0d08278d27aa537525e9bd17f71f01d36b8b6a,https://app.blocksec.com/explorer/security-incidents,eth
0x03543ef96c26d6c79ff6c24219c686ae6d0eb5453b322e54d3b6a5ce456385e5,https://phalcon.blocksec.com/tx/eth/0x03543ef96c26d6c79ff6c24219c686ae6d0eb5453b322e54d3b6a5ce456385e5,eth
0x03c73a343b5a481c9431af2f4a2146a0e77522a23e5cca9b2ea024778589967f,https://app.blocksec.com/explorer/security-incidents,eth
0x047056478cabe20b7c32a85b34f558dd90e7b3235b77d1a4342fdc15b74c910f,https://app.blocksec.com/explorer/security-incidents,eth
0x04b166e7b4ab5105a8e9c85f08f6346de1c66368687215b0e0b58d6e5002bc32,https://etherscan.io/tx/0x04b166e7b4ab5105a8e9c85f08f6346de1c66368687215b0e0b58d6e5002bc32,eth
0x04b166e7b4ab5105a8e9c85f08f6346de1c66368687215b0e0b58d6e5002bc32,https://app.blocksec.com/explorer/security-incidents,eth
0x04e16a79ff928db2fa88619cdd045cdfc7979a61d836c9c9e585b3d6f6d8bc31,https://etherscan.io/tx/0x04e16a79ff928db2fa88619cdd045cdfc7979a61d836c9c9e585b3d6f6d8bc31,eth
0x04e16a79ff928db2fa88619cdd045cdfc7979a61d836c9c9e585b3d6f6d8bc31,https://app.blocksec.com/explorer/security-incidents,eth
0x051065b414e0e9801e850b49860cd2b257d27a28a70025b334b95aacb42dd716,https://x.com/ImmuneBytes/status/1800074942584881647,eth
0x055cec4fa4614836e54ea2e5cd3d14247ff3d61b85aa2a41f8cc876d131e0328,https://etherscan.io/tx/0x055cec4fa4614836e54ea2e5cd3d14247ff3d61b85aa2a41f8cc876d131e0328,eth
0x05898b988c768215e58fd2375403926d768716a55279ce3cbad31645d9604d80,https://x.com/ImmuneBytes/status/1800074942584881647,eth
0x06d7e7436414c658a33452d28400799f3637e83930dcec39b3bd065dabc6ef04,https://x.com/ChainAegis/status/1761421907461881928,eth
0x06d7e7436414c658a33452d28400799f3637e83930dcec39b3bd065dabc6ef04,https://x.com/ChainAegis/status/1761246415488225668,eth
0x0729eda09a8b5743d7328a717019d51b2a05634d6fe764d5213fd6fb3e303f59,https://app.blocksec.com/explorer/security-incidents,eth
0x07887fffc4488354d813fdcca5da0586dd6f9a3da36d503af768302eacbeec41,https://etherscan.io/tx/0x07887fffc4488354d813fdcca5da0586dd6f9a3da36d503af768302eacbeec41,eth
0x0788ba222970c7c68a738b0e08fb197e669e61f9b226ceec4cab9b85abe8cceb,https://etherscan.io/tx/0x0788ba222970c7c68a738b0e08fb197e669e61f9b226ceec4cab9b85abe8cceb,eth
0x0788ba222970c7c68a738b0e08fb197e669e61f9b226ceec4cab9b85abe8cceb,https://app.blocksec.com/explorer/security-incidents,eth
0x0788ba222970c7c68a738b0e08fb197e669e61f9b226ceec4cab9b85abe8cceb,https://x.com/ImmuneBytes/status/1691013210055249920,eth
0x08b5f35076beb363a7206b8f9b4a6460f42aa9f998b561582fb4e4cdd6f05dce,https://x.com/MetaTrustAlert/status/1669004818390863873,eth
0x09a3a12d58b0bb80e33e3fb8e282728551dc430c65d1e520fe0009ec519d75e8,https://app.blocksec.com/explorer/security-incidents,eth
0x09afda6b46316382e9cb2ddf2933aa8799e2df0a292ed58d15f5e7bca59254af,https://x.com/ChainAegis/status/1772572048214393279,eth
0x0af5a6d2d8b49f68dcfd4599a0e767450e76e08a5aeba9b3d534a604d308e60b,https://etherscan.io/tx/0x0af5a6d2d8b49f68dcfd4599a0e767450e76e08a5aeba9b3d534a604d308e60b,eth
0x0c91723ebf69efc84d87ae393af51410491368fe9e9edc29cef38d5479aed140,https://app.blocksec.com/explorer/security-incidents,eth
0x0cc143ccf3316d47b36a2e45577922f4ebe2374966bb22c1e9cf49c747d46396,https://app.blocksec.com/explorer/security-incidents,eth
0x0d4b5a415fa9a1452a09f8788c85a4acd2e0866519e73bdc37f5591e027b36ac,https://app.blocksec.com/explorer/security-incidents,eth
0x0e38dd693ddbc2f62282932f36a4b8de75f8ea1da530532af26698b4eda9a110,https://app.blocksec.com/explorer/security-incidents,eth
0x0e655a77d225838499f340f5ad928acb0571b8f0e6f6fde87e0ce5f3856422d0,https://app.blocksec.com/explorer/security-incidents,eth
0x0eb8f8d148508e752d9643ccf49ac4cb0c21cbad346b5bbcf2d06974d31bd5c4,https://etherscan.io/tx/0x0eb8f8d148508e752d9643ccf49ac4cb0c21cbad346b5bbcf2d06974d31bd5c4,eth
0x0eb8f8d148508e752d9643ccf49ac4cb0c21cbad346b5bbcf2d06974d31bd5c4,https://phalcon.blocksec.com/explorer/tx/eth/0x0eb8f8d148508e752d9643ccf49ac4cb0c21cbad346b5bbcf2d06974d31bd5c4,eth
0x0ec3f2488a93839524add10ea229e773f6bc891b4eb4794c3337d4495263790b,https://etherscan.io/tx/0x0ec3f2488a93839524add10ea229e773f6bc891b4eb4794c3337d4495263790b,eth
0x0fe2542079644e107cbf13690eb9c2c65963ccb79089ff96bfaf8dced2331c92,https://etherscan.io/tx/0x0fe2542079644e107cbf13690eb9c2c65963ccb79089ff96bfaf8dced2331c92,eth
0x108a52c403fe206bafb34ce1880138f22591f82b0f45c6c77de7c8787dc6a834,https://app.blocksec.com/explorer/security-incidents,eth
0x118a617bddd1c14810113be81ce336f28cc1ee7a7b538a07184b93e7c51bdc00,https://x.com/BlockSecTeam/status/1635865894252412928,eth
0x11d069cbe4490cc483b1ae2e77c9c79493213347b42a8dec2ded25724e2f1835,https://app.blocksec.com/explorer/security-incidents,eth
0x125581f9551c0ae1098e132823cd5cffc0c942be4e6fed6cd447bde017e87130,https://etherscan.io/tx/0x125581f9551c0ae1098e132823cd5cffc0c942be4e6fed6cd447bde017e87130,eth
0x12641ade277ba56215bffe6608fb078beb93bf3bb46a37fba91144790895d580,https://app.blocksec.com/explorer/security-incidents,eth
0x1274b32d4dfacd2703ad032e8bd669a83f012dde9d27ed92e4e7da0387adafe4,https://x.com/ImmuneBytes/status/1699347263548461505,eth
0x1274b32d4dfacd2703ad032e8bd669a83f012dde9d27ed92e4e7da0387adafe4,https://phalcon.blocksec.com/tx/eth/0x1274b32d4dfacd2703ad032e8bd669a83f012dde9d27ed92e4e7da0387adafe4,eth
0x12fe79f1de8aed0ba947cec4dce5d33368d649903cb45a5d3e915cc459e751fc,https://app.blocksec.com/explorer/security-incidents,eth
0x12fe79f1de8aed0ba947cec4dce5d33368d649903cb45a5d3e915cc459e751fc,https://x.com/ChainAegis/status/1788777830077362375,eth
0x12fe79f1de8aed0ba947cec4dce5d33368d649903cb45a5d3e915cc459e751fc,https://x.com/ImmuneBytes/status/1788872543295697295,eth
0x12fe79f1de8aed0ba947cec4dce5d33368d649903cb45a5d3e915cc459e751fc,https://etherscan.io/tx/0x12fe79f1de8aed0ba947cec4dce5d33368d649903cb45a5d3e915cc459e751fc,eth
0x138daa4cbeaa3db42eefcec26e234fc2c89a4aa17d6b1870fc460b2856fd11a6,https://app.blocksec.com/explorer/security-incidents,eth
0x138daa4cbeaa3db42eefcec26e234fc2c89a4aa17d6b1870fc460b2856fd11a6,https://etherscan.io/tx/0x138daa4cbeaa3db42eefcec26e234fc2c89a4aa17d6b1870fc460b2856fd11a6,eth
0x160c5950a01b88953648ba90ec0a29b0c5383e055d35a7835d905c53a3dda01e,https://etherscan.io/tx/0x160c5950a01b88953648ba90ec0a29b0c5383e055d35a7835d905c53a3dda01e,eth
0x1655592eda3ebbba7c530ab3327daeae95fa95d05c3dec40338471245da10cfe,https://etherscan.io/tx/0x1655592eda3ebbba7c530ab3327daeae95fa95d05c3dec40338471245da10cfe,eth
0x167c97b5897d11b23a6694f30acb71e8deead771d22fe88aee04ca8696a2bffa,https://app.blocksec.com/explorer/security-incidents,eth
0x171072422efb5cd461546bfe986017d9b5aa427ff1c07ebe8acc064b13a7b7be,https://dashboard.tenderly.co/tx/mainnet/0x171072422efb5cd461546bfe986017d9b5aa427ff1c07ebe8acc064b13a7b7be,eth
0x171072422efb5cd461546bfe986017d9b5aa427ff1c07ebe8acc064b13a7b7be,https://etherscan.io/tx/0x171072422efb5cd461546bfe986017d9b5aa427ff1c07ebe8acc064b13a7b7be,eth
0x171072422efb5cd461546bfe986017d9b5aa427ff1c07ebe8acc064b13a7b7be,https://phalcon.blocksec.com/tx/eth/0x171072422efb5cd461546bfe986017d9b5aa427ff1c07ebe8acc064b13a7b7be,eth
0x192e2f19ab497f93ed32b2ed205c4b2ff628c82e2f236b26bec081ac361be47f,https://x.com/BeosinAlert/status/1625751551863291905,eth
0x1a7ee0a7efc70ed7429edef069a1dd001fbff378748d91f17ab1876dc6d10392,https://app.blocksec.com/explorer/security-incidents,eth
0x1a7ee0a7efc70ed7429edef069a1dd001fbff378748d91f17ab1876dc6d10392,https://x.com/ImmuneBytes/status/1714946435958104510,eth
0x1a7ee0a7efc70ed7429edef069a1dd001fbff378748d91f17ab1876dc6d10392,https://etherscan.io/tx/0x1a7ee0a7efc70ed7429edef069a1dd001fbff378748d91f17ab1876dc6d10392,eth
0x1e73c4205822c28a5cb85fa354771bb4a72eb1778b68932e7ab7ba9559db09ec,https://app.blocksec.com/explorer/security-incidents,eth
0x1ea0a2e88efceccb2dd93e6e5cb89e5421666caeefb1e6fc41b68168373da342,https://app.blocksec.com/explorer/security-incidents,eth
0x1f1aba5bef04b7026ae3cb1cb77987071a8aff9592e785dd99860566ccad83d1,https://etherscan.io/tx/0x1f1aba5bef04b7026ae3cb1cb77987071a8aff9592e785dd99860566ccad83d1,eth
0x1fe5a53405d00ce2f3e15b214c7486c69cbc5bf165cf9596e86f797f62e81914,https://app.blocksec.com/explorer/security-incidents,eth
0x1fe5a53405d00ce2f3e15b214c7486c69cbc5bf165cf9596e86f797f62e81914,https://etherscan.io/tx/0x1fe5a53405d00ce2f3e15b214c7486c69cbc5bf165cf9596e86f797f62e81914,eth
0x21e9d20b57f6ae60dac23466c8395d47f42dc24628e5a31f224567a2b4effa88,https://etherscan.io/tx/0x21e9d20b57f6ae60dac23466c8395d47f42dc24628e5a31f224567a2b4effa88,eth
0x23fb7f093e827ed061aafb574cfd420eab879621c7f78cb341292e106a3a88c0,https://phalcon.blocksec.com/tx/eth/0x23fb7f093e827ed061aafb574cfd420eab879621c7f78cb341292e106a3a88c0,eth
0x23fcf9d4517f7cc39815b09b0a80c023ab2c8196c826c93b4100f2e26b701286,https://app.blocksec.com/explorer/security-incidents,eth
0x23fcf9d4517f7cc39815b09b0a80c023ab2c8196c826c93b4100f2e26b701286,https://phalcon.blocksec.com/explorer/tx/eth/0x23fcf9d4517f7cc39815b09b0a80c023ab2c8196c826c93b4100f2e26b701286,eth
0x242a0fb4fde9de0dc2fd42e8db743cbc197ffa2bf6a036ba0bba303df296408b,https://app.blocksec.com/explorer/security-incidents,eth
0x242a0fb4fde9de0dc2fd42e8db743cbc197ffa2bf6a036ba0bba303df296408b,https://x.com/ChainAegis/status/1800173363366916373,eth
0x242a0fb4fde9de0dc2fd42e8db743cbc197ffa2bf6a036ba0bba303df296408b,https://x.com/ImmuneBytes/status/1800394677964988512,eth
0x2606d459a50ca4920722a111745c2eeced1d8a01ff25ee762e22d5d4b1595739,https://app.blocksec.com/explorer/security-incidents,eth
0x2606d459a50ca4920722a111745c2eeced1d8a01ff25ee762e22d5d4b1595739,https://etherscan.io/tx/0x2606d459a50ca4920722a111745c2eeced1d8a01ff25ee762e22d5d4b1595739,eth
0x2619570088683e6cc3a38d93c3d98899e5783864e15525d5f5810c11189ba6cb,https://app.blocksec.com/explorer/security-incidents,eth
0x264e16f4862d182a6a0b74977df28a85747b6f237b5e229c9a5bbacdf499ccb4,https://etherscan.io/tx/0x264e16f4862d182a6a0b74977df28a85747b6f237b5e229c9a5bbacdf499ccb4,eth
0x2662a4e2f39e1fe53c85ce689770dfd91d9e36c7ce07e82f75d097930e2adc7f,https://x.com/ImmuneBytes/status/1800074942584881647,eth
0x26a83db7e28838dd9fee6fb7314ae58dcc6aee9a20bf224c386ff5e80f7e4cf2,https://app.blocksec.com/explorer/security-incidents,eth
0x26a83db7e28838dd9fee6fb7314ae58dcc6aee9a20bf224c386ff5e80f7e4cf2,https://phalcon.blocksec.com/tx/eth/0x26a83db7e28838dd9fee6fb7314ae58dcc6aee9a20bf224c386ff5e80f7e4cf2,eth
0x27981c7289c372e601c9475e5b5466310be18ed10b59d1ac840145f6e7804c97,https://etherscan.io/tx/0x27981c7289c372e601c9475e5b5466310be18ed10b59d1ac840145f6e7804c97,eth
0x2881e839d4d562fad5356183e4f6a9d427ba6f475614ce8ef64dbfe557a4a2cc,https://etherscan.io/tx/0x2881e839d4d562fad5356183e4f6a9d427ba6f475614ce8ef64dbfe557a4a2cc,eth
0x28a934816ed0371a3fbb2f89986eecf87a22937c40309ff2f58697792215b4da,https://app.blocksec.com/explorer/security-incidents,eth
0x2a027c8b915c3737942f512fc5d26fd15752d0332353b3059de771a35a606c2d,https://app.blocksec.com/explorer/security-incidents,eth
0x2a027c8b915c3737942f512fc5d26fd15752d0332353b3059de771a35a606c2d,https://etherscan.io/tx/0x2a027c8b915c3737942f512fc5d26fd15752d0332353b3059de771a35a606c2d,eth
0x2a50db3dac1b4468d226deb53cb34737669b5f93848ac04d4e296ade06f9876c,https://app.blocksec.com/explorer/security-incidents,eth
0x2aec4fdb2a09ad4269a410f2c770737626fb62c54e0fa8ac25e8582d4b690cca,https://x.com/BlockSecTeam/status/1690931111776358400,eth
0x2aec4fdb2a09ad4269a410f2c770737626fb62c54e0fa8ac25e8582d4b690cca,https://x.com/ImmuneBytes/status/1691013210055249920,eth
0x2bb955b94aa5e2cc0854e23b58268d89aab93e17cb8b11c61996d875f1cc64f9,https://app.blocksec.com/explorer/security-incidents,eth
0x2c9f87e285026601a2c8903cf5f10e5b3655fbd0264490c41514ce073c42a9c3,https://etherscan.io/tx/0x2c9f87e285026601a2c8903cf5f10e5b3655fbd0264490c41514ce073c42a9c3,eth
0x2cb7206f1067df3e9e4b9e5d05139c4a907f69e235f3ce0f64e424a874c65d54,https://app.blocksec.com/explorer/security-incidents,eth
0x2cc3c3cfbdf04441f3349e49768c909ac252ace6f78b24a25d4700a47883514a,https://app.blocksec.com/explorer/security-incidents,eth
0x2e0087b709f158c4272a02bf0038b2770a94d8146b2633d7d1bbb2c452ec91b4,https://x.com/ImmuneBytes/status/1770754980078567530,eth
0x2e7dc8b2fb7e25fd00ed9565dcc0ad4546363171d5e00f196d48103983ae477c,https://app.blocksec.com/explorer/security-incidents,eth
0x2e7dc8b2fb7e25fd00ed9565dcc0ad4546363171d5e00f196d48103983ae477c,https://etherscan.io/tx/0x2e7dc8b2fb7e25fd00ed9565dcc0ad4546363171d5e00f196d48103983ae477c,eth
0x3097830e9921e4063d334acb82f6a79374f76f0b1a8f857e89b89bc58df1f311,https://app.blocksec.com/explorer/security-incidents,eth
0x30d987922c5cf9e31016b174d24ef6d0547fd8964d3b56ea0f07ca6450d9d085,https://x.com/ImmuneBytes/status/1800074942584881647,eth
0x30fef86a72ea7e1109ffeae572439995c78561ffeb968dcbd61c609efc60fdd9,https://app.blocksec.com/explorer/security-incidents,eth
0x30fef86a72ea7e1109ffeae572439995c78561ffeb968dcbd61c609efc60fdd9,https://x.com/ChainAegis/status/1766356885635277307,eth
0x322592750691798488006a26aa042b55ab9d7637f9b0adc42089a4c480e51870,https://etherscan.io/tx/0x322592750691798488006a26aa042b55ab9d7637f9b0adc42089a4c480e51870,eth
0x325999373f1aae98db2d89662ff1afbe0c842736f7564d16a7b52bf5c777d3a4,https://etherscan.io/tx/0x325999373f1aae98db2d89662ff1afbe0c842736f7564d16a7b52bf5c777d3a4,eth
0x3274b6090685b842aca80b304a4dcee0f61ef8b6afee10b7c7533c32fb75486d,https://x.com/MetaTrustAlert/status/1660116431898550273,eth
0x32c83905db61047834f29385ff8ce8cb6f3d24f97e24e6101d8301619efee96e,https://etherscan.io/tx/0x32c83905db61047834f29385ff8ce8cb6f3d24f97e24e6101d8301619efee96e,eth
0x32c83905db61047834f29385ff8ce8cb6f3d24f97e24e6101d8301619efee96e,https://phalcon.blocksec.com/tx/eth/0x32c83905db61047834f29385ff8ce8cb6f3d24f97e24e6101d8301619efee96e,eth
0x33f6adf410bbd0ae08b0cd44410de1e5b28e516434567113982fcac36ed9e1a4,https://etherscan.io/tx/0x33f6adf410bbd0ae08b0cd44410de1e5b28e516434567113982fcac36ed9e1a4,eth
0x353a710d9a52a919a5d7220211f11e7851cf99f1243373376c8eb2e48a94b396,https://app.blocksec.com/explorer/security-incidents,eth
0x35a73969f582872c25c96c48d8bb31c23eab8a49c19282c67509b96186734e60,https://app.blocksec.com/explorer/security-incidents,eth
0x35a73969f582872c25c96c48d8bb31c23eab8a49c19282c67509b96186734e60,https://phalcon.blocksec.com/explorer/tx/eth/0x35a73969f582872c25c96c48d8bb31c23eab8a49c19282c67509b96186734e60,eth
0x35ecf595864400696853c53edf3e3d60096639b6071cadea6076c9c6ceb921c1,https://etherscan.io/tx/0x35ecf595864400696853c53edf3e3d60096639b6071cadea6076c9c6ceb921c1,eth
0x3610d3e3f2381c73f4bd128df9be90de87482802f30712dd555619b8bf3462a4,https://app.blocksec.com/explorer/security-incidents,eth
0x366df0c20e00666749b16ae00475b3c41834dc659ebb29e059aa9bffa892c038,https://etherscan.io/tx/0x366df0c20e00666749b16ae00475b3c41834dc659ebb29e059aa9bffa892c038,eth
0x37acd17a80a5f95728459bfea85cb2e1f64b4c75cf4a4c8dcb61964e26860882,https://etherscan.io/tx/0x37acd17a80a5f95728459bfea85cb2e1f64b4c75cf4a4c8dcb61964e26860882,eth
0x37cb8626e45f0749296ef080acb218e5ccc7efb2ae4d39c952566dc378ca1c4c,https://etherscan.io/tx/0x37cb8626e45f0749296ef080acb218e5ccc7efb2ae4d39c952566dc378ca1c4c,eth
0x395d17328d331d7cdf83097963c3fd8d424d82257d8d6f64618fcc6e1e0065a6,https://app.blocksec.com/explorer/security-incidents,eth
0x396a83df7361519416a6dc960d394e689dd0f158095cbc6a6c387640716f5475,https://app.blocksec.com/explorer/security-incidents,eth
0x398a7ea42fab5228200835141bb732843b33943a8cf63bf16104568ccdfded62,https://app.blocksec.com/explorer/security-incidents,eth
0x3a73899ed54d1946e32bcdd457d2790da009a67b6a689c3429752301579faaf4,https://x.com/ImmuneBytes/status/1800074942584881647,eth
0x3b19e152943f31fe0830b67315ddc89be9a066dc89174256e17bc8c2d35b5af8,https://x.com/BeosinAlert/status/1686673425421717504,eth
0x3b19e152943f31fe0830b67315ddc89be9a066dc89174256e17bc8c2d35b5af8,https://x.com/ImmuneBytes/status/1687017756342812672,eth
0x3b19e152943f31fe0830b67315ddc89be9a066dc89174256e17bc8c2d35b5af8,https://x.com/MetaTrustAlert/status/1686665235887968256,eth
0x3b19e152943f31fe0830b67315ddc89be9a066dc89174256e17bc8c2d35b5af8,https://etherscan.io/tx/0x3b19e152943f31fe0830b67315ddc89be9a066dc89174256e17bc8c2d35b5af8,eth
0x3b6c97c76446650e65959723c20489ac792fe9101d57e7349df2ebe9e05d63aa,https://app.blocksec.com/explorer/security-incidents,eth
0x3bba4fb6de00dd38df3ad68e51c19fe575a95a296e0632028f101c5199b6f714,https://etherscan.io/tx/0x3bba4fb6de00dd38df3ad68e51c19fe575a95a296e0632028f101c5199b6f714,eth
0x3c09c6306b67737227edc24c663462d870e7c2bf39e9ab66877a980c900dd5d5,https://etherscan.io/tx/0x3c09c6306b67737227edc24c663462d870e7c2bf39e9ab66877a980c900dd5d5,eth
0x3d163bfbec5686d428a6d43e45e2626a220cc4fcfac7620c620b82c1f2537c78,https://etherscan.io/tx/0x3d163bfbec5686d428a6d43e45e2626a220cc4fcfac7620c620b82c1f2537c78,eth
0x3e9bcee951cdad84805e0c82d2a1e982e71f2ec301a1cbd344c832e0acaee813,https://phalcon.blocksec.com/tx/eth/0x3e9bcee951cdad84805e0c82d2a1e982e71f2ec301a1cbd344c832e0acaee813,eth
0x3ed75df83d907412af874b7998d911fdf990704da87c2b1a8cf95ca5d21504cf,https://etherscan.io/tx/0x3ed75df83d907412af874b7998d911fdf990704da87c2b1a8cf95ca5d21504cf,eth
0x40be81f859227aa952e70fe1f5e8c84feed6aa3c2a4d6bf38125cd6bc222560a,https://app.blocksec.com/explorer/security-incidents,eth
0x4227bca8ed4b8915c7eec0e14ad3748a88c4371d4176e716e8007249b9980dc9,https://etherscan.io/tx/0x4227bca8ed4b8915c7eec0e14ad3748a88c4371d4176e716e8007249b9980dc9,eth
0x422e7b0a449deba30bfe922b5c34282efbdbf860205ff04b14fd8129c5b91433,https://etherscan.io/tx/0x422e7b0a449deba30bfe922b5c34282efbdbf860205ff04b14fd8129c5b91433,eth
0x42b2ec27c732100dd9037c76da415e10329ea41598de453bb0c0c9ea7ce0d8e5,https://app.blocksec.com/explorer/security-incidents,eth
0x43ff7e01423044cfb501b4fe9ef1386725c0ddc117dadd6e6620cb68bdeaf4f9,https://app.blocksec.com/explorer/security-incidents,eth
0x44aad3b853866468161735496a5d9cc961ce5aa872924c5d78673076b1cd95aa,https://etherscan.io/tx/0x44aad3b853866468161735496a5d9cc961ce5aa872924c5d78673076b1cd95aa,eth
0x454c858e7f7b11706335225c72b1eaee13a215e8657a4ae699669d6f1cd18550,https://app.blocksec.com/explorer/security-incidents,eth
0x45534e2b0d807a4b427498b973e6e02bab0ca6857b29e7c0888e9f3e03fcc0e5,https://app.blocksec.com/explorer/security-incidents,eth
0x465a6780145f1efe3ab52f94c006065575712d2003d83d85481f3d110ed131d9,https://app.blocksec.com/explorer/security-incidents,eth
0x46c001fb4149c2381196c8e1428d966dc44dd46061f8ecf8383a5363adeee312,https://app.blocksec.com/explorer/security-incidents,eth
0x47ac3527d02e6b9631c77fad1cdee7bfa77a8a7bfd4880dccbda5146ace4088f,https://app.blocksec.com/explorer/security-incidents,eth
0x47da1ac72d488f746865891c9196c1632ae04f018b285b762b2b564ad1d3a9e5,https://app.blocksec.com/explorer/security-incidents,eth
0x48164d3adbab78c2cb9876f6e17f88e321097fcd14cadd57556866e4ef3e185d,https://app.blocksec.com/explorer/security-incidents,eth
0x485e08dc2b6a4b3aeadcb89c3d18a37666dc7d9424961a2091d6b3696792f0f3,https://app.blocksec.com/explorer/security-incidents,eth
0x491cf8b2a5753fdbf3096b42e0a16bc109b957dc112d6537b1ed306e483d0744,https://app.blocksec.com/explorer/security-incidents,eth
0x4ab68b21799828a57ea99c1288036889b39bf85785240576e697ebff524b3930,https://etherscan.io/tx/0x4ab68b21799828a57ea99c1288036889b39bf85785240576e697ebff524b3930,eth
0x4b2a2d03b3dc136ef94ebe2f3bc36231b104172bcb598104730898f7d81a55db,https://app.blocksec.com/explorer/security-incidents,eth
0x4b3df6e9c68ae482c71a02832f7f599ff58ff877ec05fed0abd95b31d2d7d912,https://etherscan.io/tx/0x4b3df6e9c68ae482c71a02832f7f599ff58ff877ec05fed0abd95b31d2d7d912,eth
0x4bb10927ea7afc2336033574b74ebd6f73ef35ac0db1bb96229627c9d77555a0,https://etherscan.io/tx/0x4bb10927ea7afc2336033574b74ebd6f73ef35ac0db1bb96229627c9d77555a0,eth
0x4d3831d7dc2496fbcd644a4c4e38efc0bb8d0f09e6daf2118b94262c573ea708,https://app.blocksec.com/explorer/security-incidents,eth
0x4d52f0dad3ddb7ac5523c51a75a9acd47b244e536b240d692784305b69ca6ab5,https://app.blocksec.com/explorer/security-incidents,eth
0x4d8d7e6f2bdc49e724b8d2a0241cf31d0911a230fa17230c7f025cead1842e93,https://app.blocksec.com/explorer/security-incidents,eth
0x4eb093c25d111efa1e8b7f6dc32cc47573c4651b6ea2e30d74bf2449c796692f,https://app.blocksec.com/explorer/security-incidents,eth
0x4f4d6909a442b4d86f79a9044dcada6a128ddd9f62c26f410134a72d2fc31389,https://etherscan.io/tx/0x4f4d6909a442b4d86f79a9044dcada6a128ddd9f62c26f410134a72d2fc31389,eth
0x4ff4028b03c3df468197358b99f5160e5709e7fce3884cc8ce818856d058e106,https://app.blocksec.com/explorer/security-incidents,eth
0x4ff4028b03c3df468197358b99f5160e5709e7fce3884cc8ce818856d058e106,https://x.com/ChainAegis/status/1771811390497362158,eth
0x4ff4028b03c3df468197358b99f5160e5709e7fce3884cc8ce818856d058e106,https://x.com/ImmuneBytes/status/1772542137369845977,eth
0x51988f56315afb8417c48948092fb6c6b1007b52aac98e71b21010ddeafea95c,https://app.blocksec.com/explorer/security-incidents,eth
0x51ba177ae85e58133c5910e7c3a5d027d2edfa67d10e5e3874c323b88ecc377a,https://app.blocksec.com/explorer/security-incidents,eth
0x51cbfd46f21afb44da4fa971f220bd28a14530e1d5da5009cfbdfee012e57e35,https://x.com/ImmuneBytes/status/1805842668569903209,eth
0x51ce3d9cfc85c1f6a532b908bb2debb16c7569eb8b76effe614016aac6635f65,https://app.blocksec.com/explorer/security-incidents,eth
0x51ce3d9cfc85c1f6a532b908bb2debb16c7569eb8b76effe614016aac6635f65,https://phalcon.blocksec.com/tx/eth/0x51ce3d9cfc85c1f6a532b908bb2debb16c7569eb8b76effe614016aac6635f65,eth
0x53835af1b7df33435188d2380328b81c0e8a22b01353c76e3dac352275895b45,https://etherscan.io/tx/0x53835af1b7df33435188d2380328b81c0e8a22b01353c76e3dac352275895b45,eth
0x53eeab4447db331dbb47f93fd58a95d6faa230d559acde0687f8b5f5829e7a45,https://app.blocksec.com/explorer/security-incidents,eth
0x53eeab4447db331dbb47f93fd58a95d6faa230d559acde0687f8b5f5829e7a45,https://phalcon.blocksec.com/tx/eth/0x53eeab4447db331dbb47f93fd58a95d6faa230d559acde0687f8b5f5829e7a45,eth
0x542838429f32b49d71264cc1036bb7cfd66824613ba0c437f7ce4269edb58f74,https://app.blocksec.com/explorer/security-incidents,eth
0x56e09abb35ff12271fdb38ff8a23e4d4a7396844426a94c4d3af2e8b7a0a2813,https://app.blocksec.com/explorer/security-incidents,eth
0x573199feba92ab6577847f2baa634ec84845d96474af31ca81a6b82ab3a4178f,https://app.blocksec.com/explorer/security-incidents,eth
0x578a195e05f04b19fd8af6358dc6407aa1add87c3167f053beb990d6b4735f26,https://app.blocksec.com/explorer/security-incidents,eth
0x578a195e05f04b19fd8af6358dc6407aa1add87c3167f053beb990d6b4735f26,https://etherscan.io/tx/0x578a195e05f04b19fd8af6358dc6407aa1add87c3167f053beb990d6b4735f26,eth
0x57b736acc7a71a5d7d28f0abcf2d0b6553623ad480464ec347ebb30ab05aae33,https://app.blocksec.com/explorer/security-incidents,eth
0x57ff54bda419773a31653fe63dbb00981b6e971b4c2b2b650c2f10b4342f8464,https://app.blocksec.com/explorer/security-incidents,eth
0x58424115c6576b19cfb78b0b7ff00e0c13daa06d259f2a67210c112731519e09,https://x.com/ChainAegis/status/1802550962977964139,eth
0x589e9a809ba14ff30fa22333f2432c364377df9ebf2681b6321aaca3028ff613,https://app.blocksec.com/explorer/security-incidents,eth
0x591d054a9db63f0976e533f447df482bed5f24d7429646570b2108a67e24ce54,https://app.blocksec.com/explorer/security-incidents,eth
0x59faab5a1911618064f1ffa1e4649d85c99cfd9f0d64dcebbc1af7d7630da98b,https://etherscan.io/tx/0x59faab5a1911618064f1ffa1e4649d85c99cfd9f0d64dcebbc1af7d7630da98b,eth
0x5a63da39b5b83fccdd825fed0226f330f802e995b8e49e19fbdd246876c67e1f,https://etherscan.io/tx/0x5a63da39b5b83fccdd825fed0226f330f802e995b8e49e19fbdd246876c67e1f,eth
0x5b00512a78bab3a6055d43207ea514f044b25b06c6e4e54b48befceff2c3ac93,https://app.blocksec.com/explorer/security-incidents,eth
0x5bbab18059f8c3fec56a0ddcd15feddf7cda8b8007b254436956db1d9ffe72ec,https://etherscan.io/tx/0x5bbab18059f8c3fec56a0ddcd15feddf7cda8b8007b254436956db1d9ffe72ec,eth
0x5c5688a9f981a07ed509481352f12f22a4bd7cea46a932c6d6bbe67cca3c54be,https://etherscan.io/tx/0x5c5688a9f981a07ed509481352f12f22a4bd7cea46a932c6d6bbe67cca3c54be,eth
0x602d810c47a9022b422cf2fa32ec973f887a72df78d40e448d511e82eba5a38a,https://app.blocksec.com/explorer/security-incidents,eth
0x606a49471ebcb608bf034abd982750d626b7eaf45a963118d5aae5baae4a2da2,https://app.blocksec.com/explorer/security-incidents,eth
0x610c0f7b64567fa173c701ec106acb192f6ccda5492e2c1d2e39c8a43493f954,https://app.blocksec.com/explorer/security-incidents,eth
0x617509118b037f3164a1117e589e8340b85860dfbf2720a278eea7d9ac9567c7,https://x.com/ImmuneBytes/status/1697181261771534341,eth
0x6189ad07894507d15c5dff83f547294e72f18561dc5662a8113f7eb932a5b079,https://phalcon.blocksec.com/tx/eth/0x6189ad07894507d15c5dff83f547294e72f18561dc5662a8113f7eb932a5b079,eth
0x6200bf5c43c214caa1177c3676293442059b4f39eb5dbae6cfd4e6ad16305668,https://etherscan.io/tx/0x6200bf5c43c214caa1177c3676293442059b4f39eb5dbae6cfd4e6ad16305668,eth
0x6200bf5c43c214caa1177c3676293442059b4f39eb5dbae6cfd4e6ad16305668,https://phalcon.blocksec.com/tx/eth/0x6200bf5c43c214caa1177c3676293442059b4f39eb5dbae6cfd4e6ad16305668,eth
0x6233c9315dd3b6a6fcc7d653f4dca6c263e684a76b4ad3d93595e3b8e8714d34,https://etherscan.io/tx/0x6233c9315dd3b6a6fcc7d653f4dca6c263e684a76b4ad3d93595e3b8e8714d34,eth
0x62bd3d31a7b75c098ccf28bc4d4af8c4a191b4b9e451fab4232258079e8b18c4,https://app.blocksec.com/explorer/security-incidents,eth
0x636be30e58acce0629b2bf975b5c3133840cd7d41ffc3b903720c528f01c65d9,https://app.blocksec.com/explorer/security-incidents,eth
0x636be30e58acce0629b2bf975b5c3133840cd7d41ffc3b903720c528f01c65d9,https://x.com/ChainAegis/status/1819195523926220874,eth
0x636be30e58acce0629b2bf975b5c3133840cd7d41ffc3b903720c528f01c65d9,https://x.com/ImmuneBytes/status/1819256322900349048,eth
0x639d27e564214411ad8eb06cf00d85cd90f83503a53ab5bf35dd5c6e1148ae0a,https://x.com/ImmuneBytes/status/1742103812989768085,eth
0x64a6f486c20671e1389b3c7948d46733325c407245a86bf510cb69ef401a3f0e,https://x.com/ImmuneBytes/status/1742103812989768085,eth
0x65a92b189e4ae0b8a8a02cd59c5e9f6832586bd5167d41a24eb4f4d2ac692755,https://app.blocksec.com/explorer/security-incidents,eth
0x661505c39efe1174da44e0548158db95e8e71ce867d5b7190b9eabc9f314fe91,https://x.com/ChainAegis/status/1795663910726697186,eth
0x661505c39efe1174da44e0548158db95e8e71ce867d5b7190b9eabc9f314fe91,https://etherscan.io/tx/0x661505c39efe1174da44e0548158db95e8e71ce867d5b7190b9eabc9f314fe91,eth
0x663b55a1ee992603f7636ef23ff5cf19d3b261ab81494d06e218c86482df5342,https://app.blocksec.com/explorer/security-incidents,eth
0x674f74b30a3d7bdf15fa60a7c29d96a402ea894a055f624164a8009df98386a0,https://etherscan.io/tx/0x674f74b30a3d7bdf15fa60a7c29d96a402ea894a055f624164a8009df98386a0,eth
0x674f74b30a3d7bdf15fa60a7c29d96a402ea894a055f624164a8009df98386a0,https://phalcon.blocksec.com/tx/eth/0x674f74b30a3d7bdf15fa60a7c29d96a402ea894a055f624164a8009df98386a0,eth
0x6899b8caee16dbd75359cabcd24e32b2362c474cdf39ea810cf4386018761beb,https://etherscan.io/tx/0x6899b8caee16dbd75359cabcd24e32b2362c474cdf39ea810cf4386018761beb,eth
0x68c900fb23f766ee989b73c9845cc1d98ceadbd36f586e2db47d5acfe60857e2,https://app.blocksec.com/explorer/security-incidents,eth
0x68cdec0ac76454c3b0f7af0b8a3895db00adf6daaf3b50a99716858c4fa54c6f,https://dashboard.tenderly.co/tx/mainnet/0x68cdec0ac76454c3b0f7af0b8a3895db00adf6daaf3b50a99716858c4fa54c6f,eth
0x69272d8c84d67d1da2f6425b339192fa472898dce936f24818fda415c1c1ff3f,https://etherscan.io/tx/0x69272d8c84d67d1da2f6425b339192fa472898dce936f24818fda415c1c1ff3f,eth
0x6957ccca95ad6a7f2d698a2362f4881591ff18f18cbc5edb149ce490521639a6,https://app.blocksec.com/explorer/security-incidents,eth
0x6a3d91fbd0a865a56c4efa7c540f28adcf7b569df44c9d50e1f86ab51b177405,https://x.com/ChainAegis/status/1788777830077362375,eth
0x6a3d91fbd0a865a56c4efa7c540f28adcf7b569df44c9d50e1f86ab51b177405,https://x.com/ImmuneBytes/status/1788872543295697295,eth
0x6ac2d60c8f48144f2adb10ab161efdd491a791c6a666c450d4b33c6889fc0925,https://app.blocksec.com/explorer/security-incidents,eth
0x6bfd9e286e37061ed279e4f139fbc03c8bd707a2cdd15f7260549052cbba79b7,https://etherscan.io/tx/0x6bfd9e286e37061ed279e4f139fbc03c8bd707a2cdd15f7260549052cbba79b7,eth
0x6cba3a67d6b8de664d860b096c8c558a1d65e5fa9735c657ddc98f67969561a2,https://etherscan.io/tx/0x6cba3a67d6b8de664d860b096c8c558a1d65e5fa9735c657ddc98f67969561a2,eth
0x6da8f7cb19d6e56cd9b74298677986b3b55cb9db902175c2627b7d57a85e820d,https://app.blocksec.com/explorer/security-incidents,eth
0x6e1baa7ade5bbbabd1cefeb807327aec6082b8b467b9ff74772959c27520c743,https://app.blocksec.com/explorer/security-incidents,eth
0x6e6e556a5685980317cb2afdb628ed4a845b3cbd1c98bdaffd0561cb2c4790fa,https://app.blocksec.com/explorer/security-incidents,eth
0x6e6e556a5685980317cb2afdb628ed4a845b3cbd1c98bdaffd0561cb2c4790fa,https://etherscan.io/tx/0x6e6e556a5685980317cb2afdb628ed4a845b3cbd1c98bdaffd0561cb2c4790fa,eth
0x6fb7f8e9eb09d6ae17dbe82b2b42f46f64fb9c3197438b68ecf03e832d5fc791,https://x.com/ChainAegis/status/1775351444365070746,eth
0x6fb7f8e9eb09d6ae17dbe82b2b42f46f64fb9c3197438b68ecf03e832d5fc791,https://x.com/ChainAegis/status/1775351437410918420,eth
0x708ffcf4a76bd159056afb17ce6c5f5adcb5899e465bbf038aae79c3cef666ae,https://etherscan.io/tx/0x708ffcf4a76bd159056afb17ce6c5f5adcb5899e465bbf038aae79c3cef666ae,eth
0x71369909c1473635961d7618484705b6a83faf55e0e6b6f885ad0c9ed0d97d56,https://app.blocksec.com/explorer/security-incidents,eth
0x71a908be0bef6174bccc3d493becdfd28395d78898e355d451cb52f7bac38617,https://app.blocksec.com/explorer/security-incidents,eth
0x726459a46839c915ee2fb3d8de7f986e3c7391c605b7a622112161a84c7384d0,https://etherscan.io/tx/0x726459a46839c915ee2fb3d8de7f986e3c7391c605b7a622112161a84c7384d0,eth
0x728c9bf98fcb1f35dd6551fb7a411e841570d2f73ac408916698cecdcffde36a,https://app.blocksec.com/explorer/security-incidents,eth
0x733780687f7d71c4b955732b6cf8fabf4906a8fb81d576f063d74441bd1ce2fc,https://x.com/ChainAegis/status/1761253187317903597,eth
0x758208aa6dafd3d1b6f2b1e1e457c99a4b2af791699b431975dc5e90eb8ad6e2,https://x.com/BeosinAlert/status/1682225273016815621,eth
0x758efef41e60c0f218682e2fa027c54d8b67029d193dd7277d6a881a24b9a561,https://app.blocksec.com/explorer/security-incidents,eth
0x75e3aeb00df69882a1b15d424e5e642650326ca3b923d7fd1922d57c51bc2c78,https://etherscan.io/tx/0x75e3aeb00df69882a1b15d424e5e642650326ca3b923d7fd1922d57c51bc2c78,eth
0x77bb83dd9b25a0af12c0092993ddf1a2f54b77fbcd1dbf1bf33a965ec707268b,https://app.blocksec.com/explorer/security-incidents,eth
0x77d8a9ce5f7659785c9b0649e7fab7eb3b80358de5a3a37d92b8489932a4e4a2,https://x.com/BeosinAlert/status/1619909582620618752,eth
0x787980ae064cba2430213ffe14bff6fd71193983055725dcf185341bab68811e,https://app.blocksec.com/explorer/security-incidents,eth
0x78edc292af51a93f89ac201a742bce9fa9c5d9a7007f034aa30535e35082d50a,https://x.com/BeosinAlert/status/1647552192243728385,eth
0x7ac4a98599596adbf12fffa2bd23e2a2d2ac7e8989b6ea043fcc412a29126555,https://app.blocksec.com/explorer/security-incidents,eth
0x7ac4a98599596adbf12fffa2bd23e2a2d2ac7e8989b6ea043fcc412a29126555,https://x.com/ImmuneBytes/status/1713873355525464172,eth
0x7ac4a98599596adbf12fffa2bd23e2a2d2ac7e8989b6ea043fcc412a29126555,https://etherscan.io/tx/0x7ac4a98599596adbf12fffa2bd23e2a2d2ac7e8989b6ea043fcc412a29126555,eth
0x7acc896b8d82874c67127ff3359d7437a15fdb4229ed83da00da1f4d8370764e,https://etherscan.io/tx/0x7acc896b8d82874c67127ff3359d7437a15fdb4229ed83da00da1f4d8370764e,eth
0x7c5a909b45014e35ddb89697f6be38d08eff30e7c3d3d553033a6efc3b444fdd,https://phalcon.blocksec.com/explorer/tx/eth/0x7c5a909b45014e35ddb89697f6be38d08eff30e7c3d3d553033a6efc3b444fdd,eth
0x7cefbfd14497b1c577423d94ea521615991eee2590fab980230d9dd1d80ccf1c,https://etherscan.io/tx/0x7cefbfd14497b1c577423d94ea521615991eee2590fab980230d9dd1d80ccf1c,eth
0x7d2296bcb936aa5e2397ddf8ccba59f54a178c3901666b49291d880369dbcf31,https://etherscan.io/tx/0x7d2296bcb936aa5e2397ddf8ccba59f54a178c3901666b49291d880369dbcf31,eth
0x7e4f97e3d006d98fb4738105306c7c33c27908a30e345fa7522e956fa32b46ea,https://x.com/ChainAegis/status/1761421911568031754,eth
0x7e4f97e3d006d98fb4738105306c7c33c27908a30e345fa7522e956fa32b46ea,https://x.com/ChainAegis/status/1761421909512864164,eth
0x800a5b3178f680feebb81af69bd3dff791b886d4ce31615e601f2bb1f543bb2e,https://x.com/MetaTrustAlert/status/1669273853087064064,eth
0x800a5b3178f680feebb81af69bd3dff791b886d4ce31615e601f2bb1f543bb2e,https://etherscan.io/tx/0x800a5b3178f680feebb81af69bd3dff791b886d4ce31615e601f2bb1f543bb2e,eth
0x8037b3dc0bf9d5d396c10506824096afb8125ea96ada011d35faa89fa3893aea,https://etherscan.io/tx/0x8037b3dc0bf9d5d396c10506824096afb8125ea96ada011d35faa89fa3893aea,eth
0x804ff3801542bff435a5d733f4d8a93a535d73d0de0f843fd979756a7eab26af,https://etherscan.io/tx/0x804ff3801542bff435a5d733f4d8a93a535d73d0de0f843fd979756a7eab26af,eth
0x81e9918e248d14d78ff7b697355fd9f456c6d7881486ed14fdfb69db16631154,https://phalcon.blocksec.com/tx/eth/0x81e9918e248d14d78ff7b697355fd9f456c6d7881486ed14fdfb69db16631154,eth
0x8222caee8d1e1188f7a99af8315486a828aaf3432b6528a8e45b9f1bb73653e3,https://app.blocksec.com/explorer/security-incidents,eth
0x82f47783e8d3029767090ed9a5ac3e2774d04b8fe908c9ca1f959d1b8c6a83a9,https://app.blocksec.com/explorer/security-incidents,eth
0x82fc23992c7433fffad0e28a1b8d11211dc4377de83e88088d79f24f4a3f28b3,https://etherscan.io/tx/0x82fc23992c7433fffad0e28a1b8d11211dc4377de83e88088d79f24f4a3f28b3,eth
0x83cf8aae6477932bcbde5fde814f8ca40c5acec4db04f5924c8f166401d34985,https://app.blocksec.com/explorer/security-incidents,eth
0x84156ea5360b679dfa7cdda80c16aafbfdf1ba20b84bcf76f79666f0c405b86f,https://etherscan.io/tx/0x84156ea5360b679dfa7cdda80c16aafbfdf1ba20b84bcf76f79666f0c405b86f,eth
0x86fe6933f03c14f75167e560e6635a23fab59b268e68c86d60c4d46afe0aeabc,https://app.blocksec.com/explorer/security-incidents,eth
0x871cbbf381295e1c1f9014e036d2a6e860ad7571fdee03a10a40be6a905fc499,https://app.blocksec.com/explorer/security-incidents,eth
0x873f7c77d5489c1990f701e9bb312c103c5ebcdcf0a472db726730814bfd55f3,https://phalcon.blocksec.com/tx/eth/0x873f7c77d5489c1990f701e9bb312c103c5ebcdcf0a472db726730814bfd55f3,eth
0x878d8986ed05ab32cc01e05663d27ea471576d2baff1081b15ed5fb550f9d81b,https://x.com/MetaTrustAlert/status/1689196222048030721,eth
0x8a8145ab28b5d2a2e61d74c02c12350731f479b3175893de2014124f998bff32,https://etherscan.io/tx/0x8a8145ab28b5d2a2e61d74c02c12350731f479b3175893de2014124f998bff32,eth
0x8af9b5fb3e2e3df8659ffb2e0f0c1f4c90d5a80f4f6fccef143b823ce673fb60,https://app.blocksec.com/explorer/security-incidents,eth
0x8af9b5fb3e2e3df8659ffb2e0f0c1f4c90d5a80f4f6fccef143b823ce673fb60,https://x.com/ImmuneBytes/status/1718883579349110851,eth
0x8af9b5fb3e2e3df8659ffb2e0f0c1f4c90d5a80f4f6fccef143b823ce673fb60,https://etherscan.io/tx/0x8af9b5fb3e2e3df8659ffb2e0f0c1f4c90d5a80f4f6fccef143b823ce673fb60,eth
0x8b74995d1d61d3d7547575649136b8765acb22882960f0636941c44ec7bbe146,https://app.blocksec.com/explorer/security-incidents,eth
0x8b74995d1d61d3d7547575649136b8765acb22882960f0636941c44ec7bbe146,https://x.com/ImmuneBytes/status/1683391771252776960,eth
0x8b74995d1d61d3d7547575649136b8765acb22882960f0636941c44ec7bbe146,https://etherscan.io/tx/0x8b74995d1d61d3d7547575649136b8765acb22882960f0636941c44ec7bbe146,eth
0x8bcac5e570aa695b5e0ce7dd58766eaa5830f44bbef5008aef63c6efb036e717,https://etherscan.io/tx/0x8bcac5e570aa695b5e0ce7dd58766eaa5830f44bbef5008aef63c6efb036e717,eth
0x8c3f442fc6d640a6ff3ea0b12be64f1d4609ea94edd2966f42c01cd9bdcf04b5,https://x.com/BeosinAlert/status/1579863848747950082,eth
0x8c3f442fc6d640a6ff3ea0b12be64f1d4609ea94edd2966f42c01cd9bdcf04b5,https://etherscan.io/tx/0x8c3f442fc6d640a6ff3ea0b12be64f1d4609ea94edd2966f42c01cd9bdcf04b5,eth
0x8d3036371ccf27579d3cb3d4b4b71e99334cae8d7e8088247517ec640c7a59a5,https://etherscan.io/tx/0x8d3036371ccf27579d3cb3d4b4b71e99334cae8d7e8088247517ec640c7a59a5,eth
0x8d8404d056607815c04dd286858da123c6e6aea29a1197e21a803fa67ebedd7c,https://etherscan.io/tx/0x8d8404d056607815c04dd286858da123c6e6aea29a1197e21a803fa67ebedd7c,eth
0x8db0ef33024c47200d47d8e97b0fcfc4b51de1820dfb4e911f0e3fb0a4053138,https://app.blocksec.com/explorer/security-incidents,eth
0x8e1b0ab098c4cc5f632e00b0842b5f825bbd15ded796d4a59880bb724f6c5372,https://etherscan.io/tx/0x8e1b0ab098c4cc5f632e00b0842b5f825bbd15ded796d4a59880bb724f6c5372,eth
0x8e28bc58897f35e71b727f3066ae57b4d597014db6778bbf70838347c112e0e1,https://app.blocksec.com/explorer/security-incidents,eth
0x903d88a92cbc0165a7f662305ac1bff97430dbcccaa0fe71e101e18aa9109c92,https://app.blocksec.com/explorer/security-incidents,eth
0x906d06acd236c48a8c8708d7dc50d968b8faad7c7c393e7c01549adf4922b180,https://etherscan.io/tx/0x906d06acd236c48a8c8708d7dc50d968b8faad7c7c393e7c01549adf4922b180,eth
0x909f5000636dce99528ab9a14475744e481a6b4e060fc693cf6e0fca48fa7deb,https://app.blocksec.com/explorer/security-incidents,eth
0x90b468608fbcc7faef46502b198471311baca3baab49242a4a85b73d4924379b,https://etherscan.io/tx/0x90b468608fbcc7faef46502b198471311baca3baab49242a4a85b73d4924379b,eth
0x914c1ae4f03657064f0b1d5ddc6e06f39e82bce6fb2f726efdca52c092fbfc26,https://etherscan.io/tx/0x914c1ae4f03657064f0b1d5ddc6e06f39e82bce6fb2f726efdca52c092fbfc26,eth
0x91ef02e6a99bf97cf5ff54d7084736f826fb280b1af14819c4d86a63c4145099,https://app.blocksec.com/explorer/security-incidents,eth
0x91fc38e1f8c65c0f934ac04a51c633cbb613a91774bfae179c7138b22bcddea0,https://x.com/ImmuneBytes/status/1754417368879735073,eth
0x9215b87e49fdd5b0e9fd4688f2d315dfdefc73655be529cc68aa3547f8828879,https://app.blocksec.com/explorer/security-incidents,eth
0x9235e0662e230bdfa94f56f4932fd09a95fea17e4b9b44a4f40a59449e216110,https://app.blocksec.com/explorer/security-incidents,eth
0x9235e0662e230bdfa94f56f4932fd09a95fea17e4b9b44a4f40a59449e216110,https://x.com/CertiKAlert/status/1801160531799048192,eth
0x9235e0662e230bdfa94f56f4932fd09a95fea17e4b9b44a4f40a59449e216110,https://x.com/ChainAegis/status/1801176703617945649,eth
0x923d1d63a1165ebd3521516f6d22d015f2e1b4b22d5dc954152b6c089c765fcd,https://phalcon.blocksec.com/explorer/tx/eth/0x923d1d63a1165ebd3521516f6d22d015f2e1b4b22d5dc954152b6c089c765fcd,eth
0x927b784148b60d5233e57287671cdf67d38e3e69e5b6d0ecacc7c1aeaa98985b,https://x.com/BlockSecTeam/status/1613267000913960976,eth
0x927b784148b60d5233e57287671cdf67d38e3e69e5b6d0ecacc7c1aeaa98985b,https://etherscan.io/tx/0x927b784148b60d5233e57287671cdf67d38e3e69e5b6d0ecacc7c1aeaa98985b,eth
0x92cdcc732eebf47200ea56123716e337f6ef7d5ad714a2295794fdc6031ebb2e,https://app.blocksec.com/explorer/security-incidents,eth
0x92cdcc732eebf47200ea56123716e337f6ef7d5ad714a2295794fdc6031ebb2e,https://x.com/ChainAegis/status/1811675348100350201,eth
0x92cdcc732eebf47200ea56123716e337f6ef7d5ad714a2295794fdc6031ebb2e,https://x.com/ImmuneBytes/status/1811762723124093431,eth
0x93a033917fcdbd5fe8ae24e9fe22f002949cba2f621a1c43a54f6519479caceb,https://app.blocksec.com/explorer/security-incidents,eth
0x93a033917fcdbd5fe8ae24e9fe22f002949cba2f621a1c43a54f6519479caceb,https://etherscan.io/tx/0x93a033917fcdbd5fe8ae24e9fe22f002949cba2f621a1c43a54f6519479caceb,eth
0x9437dde6c06a20f6d56f69b07f43d5fb918e6c57c97e1fc25a4162c693f578aa,https://etherscan.io/tx/0x9437dde6c06a20f6d56f69b07f43d5fb918e6c57c97e1fc25a4162c693f578aa,eth
0x958aeec58ea2f0f9700adda24e43fb76f9e052e4c20773f180c49d7529d95f16,https://x.com/ImmuneBytes/status/1742103812989768085,eth
0x96436532daf9d1028117945315c565b310f76a2d94e6d176b1aefe5cb0be9144,https://app.blocksec.com/explorer/security-incidents,eth
0x96bf6bd14a81cf19939c0b966389daed778c3a9528a6c5dd7a4d980dec966388,https://etherscan.io/tx/0x96bf6bd14a81cf19939c0b966389daed778c3a9528a6c5dd7a4d980dec966388,eth
0x97201900198d0054a2f7a914f5625591feb6a18e7fc6bb4f0c964b967a6c15f6,https://app.blocksec.com/explorer/security-incidents,eth
0x97201900198d0054a2f7a914f5625591feb6a18e7fc6bb4f0c964b967a6c15f6,https://x.com/ImmuneBytes/status/1747894571026297259,eth
0x97201900198d0054a2f7a914f5625591feb6a18e7fc6bb4f0c964b967a6c15f6,https://phalcon.blocksec.com/tx/eth/0x97201900198d0054a2f7a914f5625591feb6a18e7fc6bb4f0c964b967a6c15f6,eth
0x98d8237027797a51b1251aa239d1a85b7a209d15c9f7895b44b4ee7ee0c754fb,https://etherscan.io/tx/0x98d8237027797a51b1251aa239d1a85b7a209d15c9f7895b44b4ee7ee0c754fb,eth
0x995e880635f4a7462a420a58527023f946710167ea4c6c093d7d193062a33b01,https://app.blocksec.com/explorer/security-incidents,eth
0x995e880635f4a7462a420a58527023f946710167ea4c6c093d7d193062a33b01,https://etherscan.io/tx/0x995e880635f4a7462a420a58527023f946710167ea4c6c093d7d193062a33b01,eth
0x995e880635f4a7462a420a58527023f946710167ea4c6c093d7d193062a33b01,https://phalcon.blocksec.com/tx/eth/0x995e880635f4a7462a420a58527023f946710167ea4c6c093d7d193062a33b01,eth
0x9a036058afb58169bfa91a826f5fcf4c0a376e650960669361d61bef99205f35,https://etherscan.io/tx/0x9a036058afb58169bfa91a826f5fcf4c0a376e650960669361d61bef99205f35,eth
0x9a97d85642f956ad7a6b852cf7bed6f9669e2c2815f3279855acf7f1328e7d46,https://etherscan.io/tx/0x9a97d85642f956ad7a6b852cf7bed6f9669e2c2815f3279855acf7f1328e7d46,eth
0x9d1351ca4ede8b36ca9cd9f9c46e3b08890d13d94dfd3074d9bb66bbcc2629b1,https://phalcon.blocksec.com/tx/eth/0x9d1351ca4ede8b36ca9cd9f9c46e3b08890d13d94dfd3074d9bb66bbcc2629b1,eth
0x9d6d355db13361c0862f7d51913d7d31ea724dc25228782ea052f955a1d5b79d,https://etherscan.io/tx/0x9d6d355db13361c0862f7d51913d7d31ea724dc25228782ea052f955a1d5b79d,eth
0x9edb3c12cd3d3352ec56c8222aaa51bbec3e47b693deb9ffa3bcd0a0060a420c,https://app.blocksec.com/explorer/security-incidents,eth
0x9f3712672be7a120757d42fbe15ceefe9578914946bacbd0f3531e7fb7305576,https://app.blocksec.com/explorer/security-incidents,eth
0x9fac5412eb42aab07dcb2c5fbb03669aaa98d9c57849d44d8291d3156d9f4871,https://etherscan.io/tx/0x9fac5412eb42aab07dcb2c5fbb03669aaa98d9c57849d44d8291d3156d9f4871,eth
0xa02c180149ce03d1b6e3d412585000b968b7db59a277717ec51d0899c1a3c017,https://etherscan.io/tx/0xa02c180149ce03d1b6e3d412585000b968b7db59a277717ec51d0899c1a3c017,eth
0xa17fdb804728f226fcd10e78eae5247abd984e0f03301312315b89cae25aa517,https://app.blocksec.com/explorer/security-incidents,eth
0xa245deda8553c6e4c575baff9b50ef35abf4c8f990f8f36897696f896f240e3a,https://app.blocksec.com/explorer/security-incidents,eth
0xa329b27fbe0f7b7f92060a9e5370fdf03d60e5c4835f09d7234e5bbecf417ccf,https://phalcon.blocksec.com/tx/eth/0xa329b27fbe0f7b7f92060a9e5370fdf03d60e5c4835f09d7234e5bbecf417ccf,eth
0xa34d79cbe9aef1bf07692885b353d85912523dfc4662611d33dd09ff6c319c85,https://app.blocksec.com/explorer/security-incidents,eth
0xa5fe9d044e4f3e5aa5bc4c0709333cd2190cba0f4e7f16bcf73f49f83e4a5460,https://etherscan.io/tx/0xa5fe9d044e4f3e5aa5bc4c0709333cd2190cba0f4e7f16bcf73f49f83e4a5460,eth
0xa63052e97b989eecd789b76f670d6a5ed8a72334ce99831a36d7a642b087537f,https://app.blocksec.com/explorer/security-incidents,eth
0xa63052e97b989eecd789b76f670d6a5ed8a72334ce99831a36d7a642b087537f,https://x.com/ChainAegis/status/1813217619522240877,eth
0xa63052e97b989eecd789b76f670d6a5ed8a72334ce99831a36d7a642b087537f,https://x.com/ImmuneBytes/status/1813488151903830060,eth
0xa67d8a6d59dc258e74a93a22abd26d49d159fb123dbe243d3c5b6b41a499086b,https://app.blocksec.com/explorer/security-incidents,eth
0xa685928b5102349a5cc50527fec2e03cb136c233505471bdd4363d0ab077a69a,https://phalcon.blocksec.com/tx/eth/0xa685928b5102349a5cc50527fec2e03cb136c233505471bdd4363d0ab077a69a,eth
0xa6d90abe17d17743a9cecab84bcefb0fd0bbfa0c61bba60fd2f680b0a2f077fe,https://app.blocksec.com/explorer/security-incidents,eth
0xa6d90abe17d17743a9cecab84bcefb0fd0bbfa0c61bba60fd2f680b0a2f077fe,https://x.com/ImmuneBytes/status/1792829801138700506,eth
0xa6f63fcb6bec8818864d96a5b1bb19e8bd85ee37b2cc916412e720988440b2aa,https://app.blocksec.com/explorer/security-incidents,eth
0xa6f63fcb6bec8818864d96a5b1bb19e8bd85ee37b2cc916412e720988440b2aa,https://etherscan.io/tx/0xa6f63fcb6bec8818864d96a5b1bb19e8bd85ee37b2cc916412e720988440b2aa,eth
0xa806617cdd8ed760ed25cec61abf642f4889749c3cede45c46f27d60f0941bd1,https://x.com/BlockSecTeam/status/1615602285299781632,eth
0xa84aa065ce61dbb1eb50ab6ae67fc31a9da50dd2c74eefd561661bfce2f1620c,https://app.blocksec.com/explorer/security-incidents,eth
0xa84aa065ce61dbb1eb50ab6ae67fc31a9da50dd2c74eefd561661bfce2f1620c,https://etherscan.io/tx/0xa84aa065ce61dbb1eb50ab6ae67fc31a9da50dd2c74eefd561661bfce2f1620c,eth
0xa9948c8f0500a867091a090d12125f88868ac29e52af6391569094e82d416904,https://etherscan.io/tx/0xa9948c8f0500a867091a090d12125f88868ac29e52af6391569094e82d416904,eth
0xaa88931369fc09f507c9a02b9ccbc6bec1eca83845745ceb551c1f9fba157c4a,https://app.blocksec.com/explorer/security-incidents,eth
0xaaa197c7478063eb1124c8d8b03016fe080e6ec4c4f4a4e6d7f09022084e3390,https://phalcon.blocksec.com/tx/eth/0xaaa197c7478063eb1124c8d8b03016fe080e6ec4c4f4a4e6d7f09022084e3390,eth
0xabfcfaf3620bbb2d41a3ffea6e31e93b9b5f61c061b9cfc5a53c74ebe890294d,https://etherscan.io/tx/0xabfcfaf3620bbb2d41a3ffea6e31e93b9b5f61c061b9cfc5a53c74ebe890294d,eth
0xad818ec910def08c70ac519ab0fffa084b4178014a91cd8aa2f882d972a511c1,https://x.com/MetaTrustAlert/status/1693834558968607211,eth
0xad818ec910def08c70ac519ab0fffa084b4178014a91cd8aa2f882d972a511c1,https://etherscan.io/tx/0xad818ec910def08c70ac519ab0fffa084b4178014a91cd8aa2f882d972a511c1,eth
0xad89ff16fd1ebe3a0a7cf4ed282302c06626c1af33221ebe0d3a470aba4a660f,https://etherscan.io/tx/0xad89ff16fd1ebe3a0a7cf4ed282302c06626c1af33221ebe0d3a470aba4a660f,eth
0xadbe5cf9269a001d50990d0c29075b402bcc3a0b0f3258821881621b787b35c6,https://etherscan.io/tx/0xadbe5cf9269a001d50990d0c29075b402bcc3a0b0f3258821881621b787b35c6,eth
0xaee0f8d1235584a3212f233b655f87b89f22f1d4890782447c4ef742b37af58d,https://etherscan.io/tx/0xaee0f8d1235584a3212f233b655f87b89f22f1d4890782447c4ef742b37af58d,eth
0xaf46a42fe1ed7193b25c523723dc047c7500e50a00ecb7bbb822d665adb3e1f3,https://etherscan.io/tx/0xaf46a42fe1ed7193b25c523723dc047c7500e50a00ecb7bbb822d665adb3e1f3,eth
0xb08f6d3fc70b95223cfffc2c905d9c0467a589e5f652cd193e5c00b4ad329b99,https://x.com/MetaTrustAlert/status/1669004818390863873,eth
0xb2e3ea72d353da43a2ac9a8f1670fd16463ab370e563b9b5b26119b2601277ce,https://etherscan.io/tx/0xb2e3ea72d353da43a2ac9a8f1670fd16463ab370e563b9b5b26119b2601277ce,eth
0xb36486f032a450782d5d2fac118ea90a6d3b08cac3409d949c59b43bcd6dbb8f,https://etherscan.io/tx/0xb36486f032a450782d5d2fac118ea90a6d3b08cac3409d949c59b43bcd6dbb8f,eth
0xb3af75f703ddc5d15ff872585b7d970c5204b90399a5859ec39e736a2ffbf375,https://etherscan.io/tx/0xb3af75f703ddc5d15ff872585b7d970c5204b90399a5859ec39e736a2ffbf375,eth
0xb3c54acd736ad4887eed7f2aca8a4f68d7a9a86a7aeb8a7d6950434e9d21670e,https://x.com/ImmuneBytes/status/1800074942584881647,eth
0xb3f067618ce54bc26a960b660cfc28f9ea0315e2e9a1a855ede1508eb4017376,https://app.blocksec.com/explorer/security-incidents,eth
0xb3f067618ce54bc26a960b660cfc28f9ea0315e2e9a1a855ede1508eb4017376,https://x.com/ChainAegis/status/1800173363366916373,eth
0xb3f067618ce54bc26a960b660cfc28f9ea0315e2e9a1a855ede1508eb4017376,https://x.com/ImmuneBytes/status/1800394677964988512,eth
0xb569340f147cb6d5722490221ba65950a870aaa4db6ab835b8aa128c5dee36b3,https://app.blocksec.com/explorer/security-incidents,eth
0xb56e984a866afed36ccf28c2a659845f5529d7de3f609d67c16c20e337c106fc,https://app.blocksec.com/explorer/security-incidents,eth
0xb613c68b00c532fe9b28a50a91c021d61a98d907d0217ab9b44cd8d6ae441d9f,https://etherscan.io/tx/0xb613c68b00c532fe9b28a50a91c021d61a98d907d0217ab9b44cd8d6ae441d9f,eth
0xb676d789bb8b66a08105c844a49c2bcffb400e5c1cfabd4bc30cca4bff3c9801,https://app.blocksec.com/explorer/security-incidents,eth
0xb676d789bb8b66a08105c844a49c2bcffb400e5c1cfabd4bc30cca4bff3c9801,https://etherscan.io/tx/0xb676d789bb8b66a08105c844a49c2bcffb400e5c1cfabd4bc30cca4bff3c9801,eth
0xb81dcfd0b51a44340b802d7d6c7aa31e47bcab245af3c4e26553771e92ebb56c,https://x.com/ImmuneBytes/status/1800074942584881647,eth
0xb82239e256404e94edd650c68cea92e146c2f361a09eea11b02624eeaffbaae1,https://app.blocksec.com/explorer/security-incidents,eth
0xb95f56a93af1dbf477b2c527e186cc37aa4a973f8007717ff6c58ac62eb28a62,https://app.blocksec.com/explorer/security-incidents,eth
0xbad3925d76bcde46021b67bf59599f9655d4529682fb21e0ee1a9d27a388e460,https://app.blocksec.com/explorer/security-incidents,eth
0xbb6fe88427c2f3bc179075109d47a805dcfedab0e475eaca0d979311873e131b,https://x.com/ImmuneBytes/status/1727580913297739893,eth
0xbb9aac794415b2fbe2c947fe37ebb29c75526c150d33dd408ccddbcb52534828,https://app.blocksec.com/explorer/security-incidents,eth
0xbc08860cd0a08289c41033bdc84b2bb2b0c54a51ceae59620ed9904384287a38,https://app.blocksec.com/explorer/security-incidents,eth
0xbc08860cd0a08289c41033bdc84b2bb2b0c54a51ceae59620ed9904384287a38,https://x.com/ImmuneBytes/status/1722180138333561237,eth
0xbc08860cd0a08289c41033bdc84b2bb2b0c54a51ceae59620ed9904384287a38,https://phalcon.blocksec.com/tx/eth/0xbc08860cd0a08289c41033bdc84b2bb2b0c54a51ceae59620ed9904384287a38,eth
0xbc8c30b7db136e97251eaa9897853ddf125f155b7c63bbe4c06d704384a40556,https://app.blocksec.com/explorer/security-incidents,eth
0xbce5b8548db486c561948e8a177c8ccaa72810f972cee3909ea50af015a60ad8,https://app.blocksec.com/explorer/security-incidents,eth
0xbd72bccec6dd824f8cac5d9a3a2364794c9272d7f7348d074b580e3c6e44312e,https://x.com/MetaTrustAlert/status/1697963109204578710,eth
0xbd72bccec6dd824f8cac5d9a3a2364794c9272d7f7348d074b580e3c6e44312e,https://etherscan.io/tx/0xbd72bccec6dd824f8cac5d9a3a2364794c9272d7f7348d074b580e3c6e44312e,eth
0xbe79c19ab998540e35a514b24ce65c1857c5604e6c0f8f2b485a53002cf02739,https://app.blocksec.com/explorer/security-incidents,eth
0xbe86b5b967a67365e7430ddd1bdf24556c64d1f6ab1e0898c67cf18c62ee584b,https://app.blocksec.com/explorer/security-incidents,eth
0xbeef09ee9d694d2b24f3f367568cc6ba1dad591ea9f969c36e5b181fd301be82,https://etherscan.io/tx/0xbeef09ee9d694d2b24f3f367568cc6ba1dad591ea9f969c36e5b181fd301be82,eth
0xbeefd8faba2aa82704afe821fd41b670319203dd9090f7af8affdf6bcfec2d61,https://app.blocksec.com/explorer/security-incidents,eth
0xbeefd8faba2aa82704afe821fd41b670319203dd9090f7af8affdf6bcfec2d61,https://etherscan.io/tx/0xbeefd8faba2aa82704afe821fd41b670319203dd9090f7af8affdf6bcfec2d61,eth
0xc087fbd68b9349b71838982e789e204454bfd00eebf9c8e101574376eb990d92,https://app.blocksec.com/explorer/security-incidents,eth
0xc087fbd68b9349b71838982e789e204454bfd00eebf9c8e101574376eb990d92,https://etherscan.io/tx/0xc087fbd68b9349b71838982e789e204454bfd00eebf9c8e101574376eb990d92,eth
0xc10ec615e2d18c8a7dad2bb2418c422472565d9622ed851298fc848c3a451387,https://etherscan.io/tx/0xc10ec615e2d18c8a7dad2bb2418c422472565d9622ed851298fc848c3a451387,eth
0xc12a4155c2c90707138e4aef8883c8f724371145823e2f661f19b93e5b3a9d6e,https://app.blocksec.com/explorer/security-incidents,eth
0xc12a4155c2c90707138e4aef8883c8f724371145823e2f661f19b93e5b3a9d6e,https://x.com/ChainAegis/status/1766356885635277307,eth
0xc18ec2eb7d41638d9982281e766945d0428aaeda6211b4ccb6626ea7cff31f4a,https://x.com/BeosinAlert/status/1579040051853303808,eth
0xc18ec2eb7d41638d9982281e766945d0428aaeda6211b4ccb6626ea7cff31f4a,https://etherscan.io/tx/0xc18ec2eb7d41638d9982281e766945d0428aaeda6211b4ccb6626ea7cff31f4a,eth
0xc310a0affe2169d1f6feec1c63dbc7f7c62a887fa48795d327d4d2da2d6b111d,https://app.blocksec.com/explorer/security-incidents,eth
0xc310a0affe2169d1f6feec1c63dbc7f7c62a887fa48795d327d4d2da2d6b111d,https://etherscan.io/tx/0xc310a0affe2169d1f6feec1c63dbc7f7c62a887fa48795d327d4d2da2d6b111d,eth
0xc42fc0e22a0f60cc299be80eb0c0ddce83c21c14a3dddd8430628011c3e20d6b,https://etherscan.io/tx/0xc42fc0e22a0f60cc299be80eb0c0ddce83c21c14a3dddd8430628011c3e20d6b,eth
0xc42fe1ce2516e125a386d198703b2422aa0190b25ef6a7b0a1d3c6f5d199ffad,https://etherscan.io/tx/0xc42fe1ce2516e125a386d198703b2422aa0190b25ef6a7b0a1d3c6f5d199ffad,eth
0xc49499325cb5ad3bf4391ae95855ce2ee2b0222f9282c524daa1c4586a8fcd8b,https://etherscan.io/tx/0xc49499325cb5ad3bf4391ae95855ce2ee2b0222f9282c524daa1c4586a8fcd8b,eth
0xc6c3331fa8c2d30e1ef208424c08c039a89e510df2fb6ae31e5aa40722e28fd6,https://app.blocksec.com/explorer/security-incidents,eth
0xc6c3331fa8c2d30e1ef208424c08c039a89e510df2fb6ae31e5aa40722e28fd6,https://etherscan.io/tx/0xc6c3331fa8c2d30e1ef208424c08c039a89e510df2fb6ae31e5aa40722e28fd6,eth
0xc7df7e7bc537785b9068f4d6356caba3b16df1b6054927314724a9b2e49ab18b,https://x.com/ImmuneBytes/status/1732680138452857279,eth
0xc93eb238ff42632525e990119d3edc7775299a70b56e54d83ec4f53736400964,https://app.blocksec.com/explorer/security-incidents,eth
0xc9b2cbc1437bbcd8c328b6d7cdbdae33d7d2a9ef07eca18b4922aac0430991e7,https://etherscan.io/tx/0xc9b2cbc1437bbcd8c328b6d7cdbdae33d7d2a9ef07eca18b4922aac0430991e7,eth
0xca1bbf3b320662c89232006f1ec6624b56242850f07e0f1dadbe4f69ba0d6ac3,https://app.blocksec.com/explorer/security-incidents,eth
0xca1bbf3b320662c89232006f1ec6624b56242850f07e0f1dadbe4f69ba0d6ac3,https://x.com/ChainAegis/status/1800173363366916373,eth
0xca1bbf3b320662c89232006f1ec6624b56242850f07e0f1dadbe4f69ba0d6ac3,https://x.com/ImmuneBytes/status/1800394677964988512,eth
0xca53e107a9a21d8f431614570a98c4718cca7172415e3fbed8842d426ac3ab54,https://etherscan.io/tx/0xca53e107a9a21d8f431614570a98c4718cca7172415e3fbed8842d426ac3ab54,eth
0xcb0ad9da33ecabf75df0a24aabf8a4517e4a7c5b1b2f11fee3b6a1ad9299a282,https://app.blocksec.com/explorer/security-incidents,eth
0xcb0ad9da33ecabf75df0a24aabf8a4517e4a7c5b1b2f11fee3b6a1ad9299a282,https://etherscan.io/tx/0xcb0ad9da33ecabf75df0a24aabf8a4517e4a7c5b1b2f11fee3b6a1ad9299a282,eth
0xcbe521aea28911fe9983030748028e12541e347b8b6b974d026fa5065c22f0cf,https://x.com/ImmuneBytes/status/1719322169740804121,eth
0xcbe521aea28911fe9983030748028e12541e347b8b6b974d026fa5065c22f0cf,https://etherscan.io/tx/0xcbe521aea28911fe9983030748028e12541e347b8b6b974d026fa5065c22f0cf,eth
0xcd15358ed1cf3014bb4e88cb1229056cd9a0e81b7d29ede43a4e689e9a97b7a7,https://app.blocksec.com/explorer/security-incidents,eth
0xcd99fadd7e28a42a063e07d9d86f67c88e10a7afe5921bd28cd1124924ae2052,https://app.blocksec.com/explorer/security-incidents,eth
0xcdd93e37ba2991ce02d8ca07bf6563bf5cd5ae801cbbce3dd0babb22e30b2dbe,https://etherscan.io/tx/0xcdd93e37ba2991ce02d8ca07bf6563bf5cd5ae801cbbce3dd0babb22e30b2dbe,eth
0xce0935010baf445e300d4d600caac7fc1fecb5ccb092cdbef57904aa7e5408b2,https://etherscan.io/tx/0xce0935010baf445e300d4d600caac7fc1fecb5ccb092cdbef57904aa7e5408b2,eth
0xce3cdc7c29eb7dfc565f5d99034789e80c1cd3278adafa26af6f3d21c8412c59,https://app.blocksec.com/explorer/security-incidents,eth
0xced7ca813081fb594181469001a6aff629c5874bd672cca44075d3ec768db664,https://etherscan.io/tx/0xced7ca813081fb594181469001a6aff629c5874bd672cca44075d3ec768db664,eth
0xcfe1d2b333e1b9da5e2d5f1d7697b628c818cc41f9f3020187d4ce2c2610a05c,https://etherscan.io/tx/0xcfe1d2b333e1b9da5e2d5f1d7697b628c818cc41f9f3020187d4ce2c2610a05c,eth
0xcff84cc137c92e427f720ca1f2b36fbad793f34ec5117eed127060686e6797b1,https://etherscan.io/tx/0xcff84cc137c92e427f720ca1f2b36fbad793f34ec5117eed127060686e6797b1,eth
0xd0c23f115c66a060ffab78c91c6f9085db5af6257a72858b7fd4def6b7735617,https://app.blocksec.com/explorer/security-incidents,eth
0xd14f5d5181c181d1c0734ebf7976199652caaad91fad9391b8a725407a284852,https://x.com/ImmuneBytes/status/1800821151712628953,eth
0xd17266bcdf30cbcbd7d0b5a006f43141981aeee2e1f860f68c9a1805ecacbc68,https://phalcon.blocksec.com/explorer/tx/eth/0xd17266bcdf30cbcbd7d0b5a006f43141981aeee2e1f860f68c9a1805ecacbc68,eth
0xd493c73397952049644c531309df3dd4134bf3db1e64eb6f0b68b016ee0bffde,https://etherscan.io/tx/0xd493c73397952049644c531309df3dd4134bf3db1e64eb6f0b68b016ee0bffde,eth
0xd4fafa1261f6e4f9c8543228a67caf9d02811e4ad3058a2714323964a8db61f6,https://x.com/BlockSecTeam/status/1608372475225866240,eth
0xd4fafa1261f6e4f9c8543228a67caf9d02811e4ad3058a2714323964a8db61f6,https://etherscan.io/tx/0xd4fafa1261f6e4f9c8543228a67caf9d02811e4ad3058a2714323964a8db61f6,eth
0xd55e43c1602b28d4fd4667ee445d570c8f298f5401cf04e62ec329759ecda95d,https://app.blocksec.com/explorer/security-incidents,eth
0xd55e43c1602b28d4fd4667ee445d570c8f298f5401cf04e62ec329759ecda95d,https://etherscan.io/tx/0xd55e43c1602b28d4fd4667ee445d570c8f298f5401cf04e62ec329759ecda95d,eth
0xd5b4d68432cbbd912130bbb5b93399031ddbb400d8f723c78050574de7533106,https://etherscan.io/tx/0xd5b4d68432cbbd912130bbb5b93399031ddbb400d8f723c78050574de7533106,eth
0xd7ec3046ec75efbd04b3eea8752a8a6373a92c0dd813d08b655661054d3239c5,https://etherscan.io/tx/0xd7ec3046ec75efbd04b3eea8752a8a6373a92c0dd813d08b655661054d3239c5,eth
0xd82fe84e63b1aa52e1ce540582ee0895ba4a71ec5e7a632a3faa1aff3e763873,https://app.blocksec.com/explorer/security-incidents,eth
0xd9156f507c701a09d3312e1987383c7c882df50b3127e1adfd74d74052642114,https://etherscan.io/tx/0xd9156f507c701a09d3312e1987383c7c882df50b3127e1adfd74d74052642114,eth
0xd9b3e229acc755881890394cc76fde0d7b83b1abd4d046b0f69c1fd9fd495ff6,https://app.blocksec.com/explorer/security-incidents,eth
0xd9b3e229acc755881890394cc76fde0d7b83b1abd4d046b0f69c1fd9fd495ff6,https://etherscan.io/tx/0xd9b3e229acc755881890394cc76fde0d7b83b1abd4d046b0f69c1fd9fd495ff6,eth
0xd9b3e229acc755881890394cc76fde0d7b83b1abd4d046b0f69c1fd9fd495ff6,https://etherscan.io/tx/0xe2912b8bf34d561983f2ae95f34e33ecc7792a2905a3e317fcc98052bce66431,eth
0xda9542cc57b56806112bf553c181bb833073fb0d2a7b6191fd64e95a02a7498f,https://x.com/BlockSecTeam/status/1622860389263495169,eth
0xdaccbc437cb07427394704fbcc8366589ffccf974ec6524f3483844b043f31d5,https://etherscan.io/tx/0xdaccbc437cb07427394704fbcc8366589ffccf974ec6524f3483844b043f31d5,eth
0xdb4616b89ad82062787a4e924d520639791302476484b9a6eca5126f79b6d877,https://app.blocksec.com/explorer/security-incidents,eth
0xdc5c56869862f7da6527ec68da9d8e1e04ccc3ca16a6b3ebe8f714432d505245,https://app.blocksec.com/explorer/security-incidents,eth
0xdd0636e2598f4d7b74f364fedb38f334365fd956747a04a6dd597444af0bc1c0,https://phalcon.blocksec.com/explorer/tx/eth/0xdd0636e2598f4d7b74f364fedb38f334365fd956747a04a6dd597444af0bc1c0,eth
0xdd6e9625a9f9d7d91b00aad8d4bbfdc1fef4553a0b21b6f26a4a29cdfcbb4889,https://app.blocksec.com/explorer/security-incidents,eth
0xdd7dd68cd879d07cfc2cb74606baa2a5bf18df0e3bda9f6b43f904f4f7bbdfc1,https://x.com/BeosinAlert/status/1676229933620658176,eth
0xdd7dd68cd879d07cfc2cb74606baa2a5bf18df0e3bda9f6b43f904f4f7bbdfc1,https://x.com/ImmuneBytes/status/1676535909146034176,eth
0xdd7dd68cd879d07cfc2cb74606baa2a5bf18df0e3bda9f6b43f904f4f7bbdfc1,https://etherscan.io/tx/0xdd7dd68cd879d07cfc2cb74606baa2a5bf18df0e3bda9f6b43f904f4f7bbdfc1,eth
0xddd1048fe3f2df1fb98e534a97173b32a9fca662dbd257a72725482431d3f25e,https://etherscan.io/tx/0xddd1048fe3f2df1fb98e534a97173b32a9fca662dbd257a72725482431d3f25e,eth
0xde084e8c7cdec910d17ad7aeaa24a2973fc8c36add6d83a42de15446ddaaca5d,https://app.blocksec.com/explorer/security-incidents,eth
0xdedda493272b6b35660b9cc9070d2ea32ee61279b821184ff837e0a5752f4042,https://x.com/MetaTrustAlert/status/1669004818390863873,eth
0xdfbfb0387129541c65934e71deee404ea70de6629258ae49d9f24bcf6e866ea6,https://app.blocksec.com/explorer/security-incidents,eth
0xe09d350d8574ac1728ab5797e3aa46841f6c97239940db010943f23ad4acf7ae,https://app.blocksec.com/explorer/security-incidents,eth
0xe0b0c2672b760bef4e2851e91c69c8c0ad135c6987bbf1f43f5846d89e691428,https://etherscan.io/tx/0xe0b0c2672b760bef4e2851e91c69c8c0ad135c6987bbf1f43f5846d89e691428,eth
0xe0bada18fdc56dec125c31b1636490f85ba66016318060a066ed7050ff7271f9,https://x.com/ImmuneBytes/status/1742103812989768085,eth
0xe0bada18fdc56dec125c31b1636490f85ba66016318060a066ed7050ff7271f9,https://phalcon.blocksec.com/tx/eth/0xe0bada18fdc56dec125c31b1636490f85ba66016318060a066ed7050ff7271f9,eth
0xe118170da24b23a7b05cffbb830fea48ca8b64bc5a0217322c68c30952004cab,https://app.blocksec.com/explorer/security-incidents,eth
0xe15fa959627871845f2f5bbfbd7529e6d2aff20ab14ece743f11641700bd7188,https://app.blocksec.com/explorer/security-incidents,eth
0xe1f375a47172b5612d96496a4599247049f07c9a7d518929fbe296b0c281e04d,https://etherscan.io/tx/0xe1f375a47172b5612d96496a4599247049f07c9a7d518929fbe296b0c281e04d,eth
0xe28ca1f43036f4768776805fb50906f8172f75eba3bf1d9866bcd64361fda834,https://etherscan.io/tx/0xe28ca1f43036f4768776805fb50906f8172f75eba3bf1d9866bcd64361fda834,eth
0xe2912b8bf34d561983f2ae95f34e33ecc7792a2905a3e317fcc98052bce66431,https://app.blocksec.com/explorer/security-incidents,eth
0xe3f0d14cfb6076cabdc9057001c3fafe28767a192e88005bc37bd7d385a1116a,https://app.blocksec.com/explorer/security-incidents,eth
0xe3f0d14cfb6076cabdc9057001c3fafe28767a192e88005bc37bd7d385a1116a,https://etherscan.io/tx/0xe3f0d14cfb6076cabdc9057001c3fafe28767a192e88005bc37bd7d385a1116a,eth
0xe419162da24761275b7b7e9766f3136ddfd9bdb3c4bff13be685197eed11a3ba,https://app.blocksec.com/explorer/security-incidents,eth
0xe4dbeba25b0c0d67f8ecaff5ec7c0a9569ddc10c817ab6815d5bc3dfb22e9ec0,https://app.blocksec.com/explorer/security-incidents,eth
0xe60c5a3154094828065049121e244dfd362606c2a5390d40715ba54699ba9da6,https://etherscan.io/tx/0xe60c5a3154094828065049121e244dfd362606c2a5390d40715ba54699ba9da6,eth
0xe72d4e7ba9b5af0cf2a8cfb1e30fd9f388df0ab3da79790be842bfbed11087b0,https://etherscan.io/tx/0xe72d4e7ba9b5af0cf2a8cfb1e30fd9f388df0ab3da79790be842bfbed11087b0,eth
0xe72d4e7ba9b5af0cf2a8cfb1e30fd9f388df0ab3da79790be842bfbed11087b0,https://ethtx.info/mainnet/0xe72d4e7ba9b5af0cf2a8cfb1e30fd9f388df0ab3da79790be842bfbed11087b0,eth
0xe855cc3bad87933bf742fd474bd0ae0ec58d45e9c1a0643b9700dafe8faf0864,https://app.blocksec.com/explorer/security-incidents,eth
0xe8a5780cc89d9115acf307da9e6fae68e8b3634a8b41c77d81e95edb9085a407,https://x.com/CertiKAlert/status/1787425555832299839,eth
0xe928d5de53bea42231d0dd140a3f761adb93081038a368591eb1166168297bdc,https://app.blocksec.com/explorer/security-incidents,eth
0xea3480f1f1d1f0b32283f8f282ce16403fe22ede35c0b71a732193e56c5c45e8,https://app.blocksec.com/explorer/security-incidents,eth
0xeaed60c62c6dfcfb5884c382baf3ec5a97d60dab8ee418e40450ca9ddefea2dc,https://x.com/MetaTrustAlert/status/1674291669590745088,eth
0xeaef2831d4d6bca04e4e9035613be637ae3b0034977673c1c2f10903926f29c0,https://etherscan.io/tx/0xeaef2831d4d6bca04e4e9035613be637ae3b0034977673c1c2f10903926f29c0,eth
0xeb87ebc0a18aca7d2a9ffcabf61aa69c9e8d3c6efade9e2303f8857717fb9eb7,https://app.blocksec.com/explorer/security-incidents,eth
0xeb87ebc0a18aca7d2a9ffcabf61aa69c9e8d3c6efade9e2303f8857717fb9eb7,https://etherscan.io/tx/0xeb87ebc0a18aca7d2a9ffcabf61aa69c9e8d3c6efade9e2303f8857717fb9eb7,eth
0xeb8c3bebed11e2e4fcd30cbfc2fb3c55c4ca166003c7f7d319e78eaab9747098,https://dashboard.tenderly.co/tx/mainnet/0xeb8c3bebed11e2e4fcd30cbfc2fb3c55c4ca166003c7f7d319e78eaab9747098,eth
0xeb8c3bebed11e2e4fcd30cbfc2fb3c55c4ca166003c7f7d319e78eaab9747098,https://etherscan.io/tx/0xeb8c3bebed11e2e4fcd30cbfc2fb3c55c4ca166003c7f7d319e78eaab9747098,eth
0xeb8c3bebed11e2e4fcd30cbfc2fb3c55c4ca166003c7f7d319e78eaab9747098,https://phalcon.blocksec.com/tx/eth/0xeb8c3bebed11e2e4fcd30cbfc2fb3c55c4ca166003c7f7d319e78eaab9747098,eth
0xec7523660f8b66d9e4a5931d97ad8b30acc679c973b20038ba4c15d4336b393d,https://app.blocksec.com/explorer/security-incidents,eth
0xec7523660f8b66d9e4a5931d97ad8b30acc679c973b20038ba4c15d4336b393d,https://phalcon.blocksec.com/tx/eth/0xec7523660f8b66d9e4a5931d97ad8b30acc679c973b20038ba4c15d4336b393d,eth
0xec8f6d8e114caf8425736e0a3d5be2f93bbea6c01a50a7eeb3d61d2634927b40,https://phalcon.blocksec.com/tx/eth/0xec8f6d8e114caf8425736e0a3d5be2f93bbea6c01a50a7eeb3d61d2634927b40,eth
0xecdd111a60debfadc6533de30fb7f55dc5ceed01dfadd30e4a7ebdb416d2f6b6,https://x.com/ImmuneBytes/status/1732680138452857279,eth
0xecdd111a60debfadc6533de30fb7f55dc5ceed01dfadd30e4a7ebdb416d2f6b6,https://phalcon.blocksec.com/tx/eth/0xecdd111a60debfadc6533de30fb7f55dc5ceed01dfadd30e4a7ebdb416d2f6b6,eth
0xed26708a7335116bdb0673f32ace7c2f329fe3cd349e200447210f1721f335f0,https://etherscan.io/tx/0xed26708a7335116bdb0673f32ace7c2f329fe3cd349e200447210f1721f335f0,eth
0xedc214a62ff6fd764200ddaa8ceae54f842279eadab80900be5f29d0b75212df,https://etherscan.io/tx/0xedc214a62ff6fd764200ddaa8ceae54f842279eadab80900be5f29d0b75212df,eth
0xedc214a62ff6fd764200ddaa8ceae54f842279eadab80900be5f29d0b75212df,https://phalcon.blocksec.com/tx/eth/0xedc214a62ff6fd764200ddaa8ceae54f842279eadab80900be5f29d0b75212df,eth
0xede72a74d8398875b42d92c550539d72c830d3c3271a7641ee1843dc105de59e,https://etherscan.io/tx/0xede72a74d8398875b42d92c550539d72c830d3c3271a7641ee1843dc105de59e,eth
0xede874f9a4333a26e97d3be9d1951e6a3c2a8861e4e301787093cfb1293d4756,https://etherscan.io/tx/0xede874f9a4333a26e97d3be9d1951e6a3c2a8861e4e301787093cfb1293d4756,eth
0xee02781eda4108f8fb3cca8355218961ad3a3e769b3de8a869acb8ed1654a67e,https://app.blocksec.com/explorer/security-incidents,eth
0xef7f6864a93f8d10dd8fafbe75b041db8c282159fe43632c26a29f176894678e,https://app.blocksec.com/explorer/security-incidents,eth
0xefc4ac015069fdf9946997be0459db44c0491221159220be782454c32ec2d651,https://app.blocksec.com/explorer/security-incidents,eth
0xefc4ac015069fdf9946997be0459db44c0491221159220be782454c32ec2d651,https://etherscan.io/tx/0xefc4ac015069fdf9946997be0459db44c0491221159220be782454c32ec2d651,eth
0xf0464b01d962f714eee9d4392b2494524d0e10ce3eb3723873afd1346b8b06e4,https://app.blocksec.com/explorer/security-incidents,eth
0xf0464b01d962f714eee9d4392b2494524d0e10ce3eb3723873afd1346b8b06e4,https://x.com/ImmuneBytes/status/1760951815560946099,eth
0xf0464b01d962f714eee9d4392b2494524d0e10ce3eb3723873afd1346b8b06e4,https://etherscan.io/tx/0xf0464b01d962f714eee9d4392b2494524d0e10ce3eb3723873afd1346b8b06e4,eth
0xf0a13b445674094c455de9e947a25bade75cac9f5176695fca418898ea25742f,https://x.com/MetaTrustAlert/status/1669273853087064064,eth
0xf0a13b445674094c455de9e947a25bade75cac9f5176695fca418898ea25742f,https://etherscan.io/tx/0xf0a13b445674094c455de9e947a25bade75cac9f5176695fca418898ea25742f,eth
0xf1c1066c259672396b8f242311a9f1c83bfa52c27529d713d80a3da93047c37f,https://etherscan.io/tx/0xf1c1066c259672396b8f242311a9f1c83bfa52c27529d713d80a3da93047c37f,eth
0xf336ff5c7465893a87c79ac514abe2e3fac1b3e06cbe185c00ea6af18d4e7a84,https://app.blocksec.com/explorer/security-incidents,eth
0xf356d1b05d26de824baddf1a575a33dcf63e2ecec2a0eaa37b15653b94845b63,https://app.blocksec.com/explorer/security-incidents,eth
0xf4a3d0e01bbca6c114954d4a49503fc94dfdbc864bded5530b51a207640d86b5,https://etherscan.io/tx/0xf4a3d0e01bbca6c114954d4a49503fc94dfdbc864bded5530b51a207640d86b5,eth
0xf4ae22177c3abbb0f21defe51dd14eff68eb1b0c52ac4104186220138e8e5bb2,https://etherscan.io/tx/0xf4ae22177c3abbb0f21defe51dd14eff68eb1b0c52ac4104186220138e8e5bb2,eth
0xf72f1d10fc6923f87279ce6c0aef46e372c6652a696f280b0465a301a92f2e26,https://x.com/BeosinAlert/status/1655846558762692608,eth
0xf72f1d10fc6923f87279ce6c0aef46e372c6652a696f280b0465a301a92f2e26,https://etherscan.io/tx/0xf72f1d10fc6923f87279ce6c0aef46e372c6652a696f280b0465a301a92f2e26,eth
0xf7c21600452939a81b599017ee24ee0dfd92aaaccd0a55d02819a7658a6ef635,https://app.blocksec.com/explorer/security-incidents,eth
0xf7c21600452939a81b599017ee24ee0dfd92aaaccd0a55d02819a7658a6ef635,https://phalcon.blocksec.com/tx/eth/0xf7c21600452939a81b599017ee24ee0dfd92aaaccd0a55d02819a7658a6ef635,eth
0xfa97c3476aa8aeac662dae0cc3f0d3da48472ff4e7c55d0e305901ec37a2f704,https://etherscan.io/tx/0xfa97c3476aa8aeac662dae0cc3f0d3da48472ff4e7c55d0e305901ec37a2f704,eth
0xfb9942a119c45adab3980639cd829e57b41449e3b82d610892da4bb921e81d9c,https://phalcon.blocksec.com/tx/eth/0xfb9942a119c45adab3980639cd829e57b41449e3b82d610892da4bb921e81d9c,eth
0xfcba2c38617edab9abf146bf4381edd2674873cc7bae9c6ba505a45e03a7228b,https://app.blocksec.com/explorer/security-incidents,eth
0xfddfb8cbcffb27f9f4564a3a5b0a8adb35bea104afc15d6af49fc004dd7441b0,https://app.blocksec.com/explorer/security-incidents,eth
0xfde10ad92566f369b23ed5135289630b7a6453887c77088794552c2a3d1ce8b7,https://etherscan.io/tx/0xfde10ad92566f369b23ed5135289630b7a6453887c77088794552c2a3d1ce8b7,eth
0xfeedbf51b4e2338e38171f6e19501327294ab1907ab44cfd2d7e7336c975ace7,https://app.blocksec.com/explorer/security-incidents,eth
0xfeedbf51b4e2338e38171f6e19501327294ab1907ab44cfd2d7e7336c975ace7,https://x.com/ImmuneBytes/status/1724330394341064926,eth
0xfeedbf51b4e2338e38171f6e19501327294ab1907ab44cfd2d7e7336c975ace7,https://etherscan.io/tx/0xfeedbf51b4e2338e38171f6e19501327294ab1907ab44cfd2d7e7336c975ace7,eth
0xfefd829e246002a8fd061eede7501bccb6e244a9aacea0ebceaecef5d877a984,https://etherscan.io/tx/0xfefd829e246002a8fd061eede7501bccb6e244a9aacea0ebceaecef5d877a984,eth
0xff1f352912666796d5cd51b5dfa3e6319544aeb5938e1e9f310fd5fcb02be6da,https://etherscan.io/tx/0xff1f352912666796d5cd51b5dfa3e6319544aeb5938e1e9f310fd5fcb02be6da,eth
0xffb4bd29825bdd41adf344028f759692021cbadc2d4cb5b587e68fd8285c5eb1,https://etherscan.io/tx/0xffb4bd29825bdd41adf344028f759692021cbadc2d4cb5b587e68fd8285c5eb1,eth
0x19315e5b150d0a83e797203bb9c957ec1fa8a6f404f4f761d970cb29a74a5dd6,https://ftmscan.com/tx/0x19315e5b150d0a83e797203bb9c957ec1fa8a6f404f4f761d970cb29a74a5dd6,fantom
0x1b3e06b6b310886dfd90a5df8ddbaf515750eda7126cf5f69874e92761b1dc90,https://explorer.fuse.io/tx/0x1b3e06b6b310886dfd90a5df8ddbaf515750eda7126cf5f69874e92761b1dc90,fuse
0x45b2d71f5bbb17fa67341fdf30468f1de032db71760be0cf4df9bac316cda7cc,https://gnosisscan.io/tx/0x45b2d71f5bbb17fa67341fdf30468f1de032db71760be0cf4df9bac316cda7cc,gnosis
0x534b84f657883ddc1b66a314e8b392feb35024afdec61dfe8e7c510cfac1a098,https://gnosisscan.io/tx/0x534b84f657883ddc1b66a314e8b392feb35024afdec61dfe8e7c510cfac1a098,gnosis
0xa262141abcf7c127b88b4042aee8bf601f4f3372c9471dbd75cb54e76524f18e,https://gnosisscan.io/tx/0xa262141abcf7c127b88b4042aee8bf601f4f3372c9471dbd75cb54e76524f18e,gnosis
0x5a87c24d0665c8f67958099d1ad22e39a03aa08d47d00b7276b8d42294ee0591,https://moonriver.moonscan.io/tx/0x5a87c24d0665c8f67958099d1ad22e39a03aa08d47d00b7276b8d42294ee0591,moonriver
0x100ff0317251b899fe50baea8d0a107dd2fa9dd3b85dcff66f9841f25dfd1a4d,https://app.blocksec.com/explorer/security-incidents,optimism
0x15096dc6a59cff26e0bd22eaf7e3a60125dcec687580383488b7b5dd2aceea93,https://x.com/BeosinAlert/status/1647456363856134144,optimism
0x150a8ad61cdf9ba5a687b9cff95c90aa5eaa825ac1b07c016ccb905f97d511c3,https://app.blocksec.com/explorer/security-incidents,optimism
0x1526acfb7062090bd5fed1b3821d1691c87f6c4fb294f56b5b921f0edf0cfad6,https://app.blocksec.com/explorer/security-incidents,optimism
0x21449ae15ea6ccd737d9436426413388a6f4290cef93b8ed7f0eaa51f500d5df,https://optimistic.etherscan.io/tx/0x21449ae15ea6ccd737d9436426413388a6f4290cef93b8ed7f0eaa51f500d5df,optimism
0x2fb0cf4cdbca04019c679dfa51ae1d8f34153c2725ddb998f9959ef87dc174dd,https://app.blocksec.com/explorer/security-incidents,optimism
0x3d6367de5c191204b44b8a5cf975f257472087a9aadc59b5d744ffdef33a520e,https://app.blocksec.com/explorer/security-incidents,optimism
0x3d6367de5c191204b44b8a5cf975f257472087a9aadc59b5d744ffdef33a520e,https://optimistic.etherscan.io/tx/0x3d6367de5c191204b44b8a5cf975f257472087a9aadc59b5d744ffdef33a520e,optimism
0x45c0ccfd3ca1b4a937feebcb0f5a166c409c9e403070808835d41da40732db96,https://optimistic.etherscan.io/tx/0x45c0ccfd3ca1b4a937feebcb0f5a166c409c9e403070808835d41da40732db96,optimism
0x479cf357964bb3bc79e675f2f20b0850d2bc022edbfa596275477bfb57215dcb,https://app.blocksec.com/explorer/security-incidents,optimism
0x4ec3061724ca9f0b8d400866dd83b92647ad8c943a1c0ae9ae6c9bd1ef789417,https://app.blocksec.com/explorer/security-incidents,optimism
0x4ec3061724ca9f0b8d400866dd83b92647ad8c943a1c0ae9ae6c9bd1ef789417,https://phalcon.blocksec.com/explorer/tx/optimism/0x4ec3061724ca9f0b8d400866dd83b92647ad8c943a1c0ae9ae6c9bd1ef789417,optimism
0x5729810d3cc325597be4f9c1a1c5d03ebad02c55750b966732ed6ab628a8f722,https://app.blocksec.com/explorer/security-incidents,optimism
0x67632758ce19a41648f28fba6d3d87c7248202238234137bb4741da097cfa029,https://app.blocksec.com/explorer/security-incidents,optimism
0x6baa6332f9a3ed75e727311d6317fb636844d61d9df5e199f9f68711eb632d6f,https://app.blocksec.com/explorer/security-incidents,optimism
0x6c19762186c9f32c81eb2a79420fc7ad4485aa916cab37ec278b216757bfba0d,https://app.blocksec.com/explorer/security-incidents,optimism
0x6c19762186c9f32c81eb2a79420fc7ad4485aa916cab37ec278b216757bfba0d,https://optimistic.etherscan.io/tx/0x6c19762186c9f32c81eb2a79420fc7ad4485aa916cab37ec278b216757bfba0d,optimism
0x6e9ebcdebbabda04fa9f2e3bc21ea8b2e4fb4bf4f4670cb8483e2f0b2604f451,https://app.blocksec.com/explorer/security-incidents,optimism
0x6e9ebcdebbabda04fa9f2e3bc21ea8b2e4fb4bf4f4670cb8483e2f0b2604f451,https://x.com/BeosinAlert/status/1647456363856134144,optimism
0x6e9ebcdebbabda04fa9f2e3bc21ea8b2e4fb4bf4f4670cb8483e2f0b2604f451,https://optimistic.etherscan.io/tx/0x6e9ebcdebbabda04fa9f2e3bc21ea8b2e4fb4bf4f4670cb8483e2f0b2604f451,optimism
0x7168160b315350063896ef732d8005a4d36ffd0534e0ee3d58e82271b30b9f6a,https://app.blocksec.com/explorer/security-incidents,optimism
0x7da5cc55e0b386d117b78cf63ccac0dd67e34718e8be72e8a07068639039bede,https://app.blocksec.com/explorer/security-incidents,optimism
0x7f325cf1201422cf7ab6dd06d66136c55b399144f21b70f09a0c799782c5c874,https://app.blocksec.com/explorer/security-incidents,optimism
0x9312ae377d7ebdf3c7c3a86f80514878deb5df51aad38b6191d55db53e42b7f0,https://app.blocksec.com/explorer/security-incidents,optimism
0x9312ae377d7ebdf3c7c3a86f80514878deb5df51aad38b6191d55db53e42b7f0,https://optimistic.etherscan.io/tx/0x9312ae377d7ebdf3c7c3a86f80514878deb5df51aad38b6191d55db53e42b7f0,optimism
0xb19f93865b3ec5c3c0beb4537e4ae49c211ab6480a66ea44e0fcfa57879317b5,https://app.blocksec.com/explorer/security-incidents,optimism
0xb43748ed668c1e44cf0a3e829ca0fe24eceaee7d33d06072bb11ca99afa7f448,https://app.blocksec.com/explorer/security-incidents,optimism
0xb5700b647d13c625b405b57d4429ffc5902aa29a5b4888c3cf93245b279ae02d,https://app.blocksec.com/explorer/security-incidents,optimism
0xbfd5dd87b9f80b377ca8649d95e4c788336c7913498c1063fa8a88fd624cd80e,https://app.blocksec.com/explorer/security-incidents,optimism
0xca7c1a0fde444e1a68a8c2b8ae3fb76ec384d1f7ae9a50d26f8bfdd37c7a0afe,https://app.blocksec.com/explorer/security-incidents,optimism
0xca7c1a0fde444e1a68a8c2b8ae3fb76ec384d1f7ae9a50d26f8bfdd37c7a0afe,https://optimistic.etherscan.io/tx/0xca7c1a0fde444e1a68a8c2b8ae3fb76ec384d1f7ae9a50d26f8bfdd37c7a0afe,optimism
0xdaa80d75d872bf2513c09c76d81db54d9ddcfd06d4230e65e3bf8d87d2758db2,https://app.blocksec.com/explorer/security-incidents,optimism
0xe8999fb57684856d637504f1f0082b69a3f7b34dd4e7597bea376c9466813585,https://app.blocksec.com/explorer/security-incidents,optimism
0xedad1792eef7dcb6a4bd515d3d42a9cb4bd9f10c0e2979591fc6d25156ce865c,https://app.blocksec.com/explorer/security-incidents,optimism
0xef2c710b4dab33844b6affb1b05bdb943a1f89d4c22fdd6ddd5b07ea12d92360,https://app.blocksec.com/explorer/security-incidents,optimism
0xf4fc3b638f1a377cf22b729199a9aeb27fc62fe2983a65c4d14b99ee5c5b2328,https://app.blocksec.com/explorer/security-incidents,optimism
0xf4fc3b638f1a377cf22b729199a9aeb27fc62fe2983a65c4d14b99ee5c5b2328,https://optimistic.etherscan.io/tx/0xf4fc3b638f1a377cf22b729199a9aeb27fc62fe2983a65c4d14b99ee5c5b2328,optimism
0xfea20e78a94b3a34951031e3e6fc71f27c348eb7116dc24a777f46e6fe5a81f6,https://app.blocksec.com/explorer/security-incidents,optimism
0x4ec3061724ca9f0b8d400866dd83b92647ad8c943a1c0ae9ae6c9bd1ef789417,https://x.com/ChainAegis/status/1771811390497362158,optimism 
0x9312ae377d7ebdf3c7c3a86f80514878deb5df51aad38b6191d55db53e42b7f0,https://x.com/ChainAegis/status/1790565124497109251,optimism 
0x9312ae377d7ebdf3c7c3a86f80514878deb5df51aad38b6191d55db53e42b7f0,https://x.com/ImmuneBytes/status/1790615140649644324,optimistic
0x0053490215baf541362fc78be0de98e3147f40223238d5b12512b3e26c0a2c2f,https://polygonscan.com/tx/0x0053490215baf541362fc78be0de98e3147f40223238d5b12512b3e26c0a2c2f,polygon
0x0053490215baf541362fc78be0de98e3147f40223238d5b12512b3e26c0a2c2f,https://app.blocksec.com/explorer/security-incidents,polygon
0x051f80a7ef69e1ffad889ec7e1f7d29a9e80883156b5c8528438b5bb8b7a689a,https://polygonscan.com/tx/0x051f80a7ef69e1ffad889ec7e1f7d29a9e80883156b5c8528438b5bb8b7a689a,polygon
0x05d5c121251cb7cea91a89aaa164451639acb328b4a0a8001470aea531d77a7a,https://polygonscan.com/tx/0x05d5c121251cb7cea91a89aaa164451639acb328b4a0a8001470aea531d77a7a,polygon
0x10f2c28f5d6cd8d7b56210b4d5e0cece27e45a30808cd3d3443c05d4275bb008,https://app.blocksec.com/explorer/security-incidents,polygon
0x10f2c28f5d6cd8d7b56210b4d5e0cece27e45a30808cd3d3443c05d4275bb008,https://polygonscan.com/tx/0x10f2c28f5d6cd8d7b56210b4d5e0cece27e45a30808cd3d3443c05d4275bb008,polygon
0x11a62441b20e74d586e761885659c3cb45cbc447c89c73c5fd892a634cb8af76,https://app.blocksec.com/explorer/security-incidents,polygon
0x197dd5574438d20582d0c7eb7ab8e39d11bbb01c5473031af284a257bac24b08,https://app.blocksec.com/explorer/security-incidents,polygon
0x1a31cb6f417d30fe8769328b3412bfb0d70247a82009ef28dfab5730c82acd05,https://phalcon.blocksec.com/tx/polygon/0x1a31cb6f417d30fe8769328b3412bfb0d70247a82009ef28dfab5730c82acd05,polygon
0x31957ecc43774d19f54d9968e95c69c882468b46860f921668f2c55fadd51b19,https://app.blocksec.com/explorer/security-incidents,polygon
0x34e5c79d5c11426286313db5069b8ecd07f5e32ac5afa4b08cbe181d33627ad7,https://app.blocksec.com/explorer/security-incidents,polygon
0x35f50851c3b754b4565dc3e69af8f9bdb6555edecc84cf0badf8c1e8141d902d,https://phalcon.blocksec.com/tx/polygon/0x35f50851c3b754b4565dc3e69af8f9bdb6555edecc84cf0badf8c1e8141d902d,polygon
0x3eb2002b46de3e4adee9ed9e093e79582f08fed912194d6e869e6cbbf97eb6e9,https://app.blocksec.com/explorer/security-incidents,polygon
0x606be0ac0cdba2cf35b77c3ccbbd8450b82e16603157facec482958032558846,https://x.com/BlockSecTeam/status/1635865894252412928,polygon
0x6b3f057683083d7f0a25e4d3898ca68308cfe2335878143466f84b3003ebe3a2,https://polygonscan.com/tx/0x6b3f057683083d7f0a25e4d3898ca68308cfe2335878143466f84b3003ebe3a2,polygon
0x6fa6374d43df083679cdab97149af8207cda2471620a06d3f28b115136b8e2c4,https://polygonscan.com/tx/0x6fa6374d43df083679cdab97149af8207cda2471620a06d3f28b115136b8e2c4,polygon
0x7320accea0ef1d7abca8100c82223533b624c82d3e8d445954731495d4388483,https://app.blocksec.com/explorer/security-incidents,polygon
0x7320accea0ef1d7abca8100c82223533b624c82d3e8d445954731495d4388483,https://polygonscan.com/tx/0x7320accea0ef1d7abca8100c82223533b624c82d3e8d445954731495d4388483,polygon
0x94d9d5e0e57d2c0df400a8e3ad417678ef69f0272a5fcfe0d9ce788063c992bd,https://app.blocksec.com/explorer/security-incidents,polygon
0x96d80c609f7a39b45f2bb581c6ba23402c20c2b6cd528317692c31b8d3948328,https://polygonscan.com/tx/0x96d80c609f7a39b45f2bb581c6ba23402c20c2b6cd528317692c31b8d3948328,polygon
0xa02d0c3d16d6ee0e0b6a42c3cc91997c2b40c87d777136dedebe8ee0f47f32b1,https://app.blocksec.com/explorer/security-incidents,polygon
0xa1f2377fc6c24d7cd9ca084cafec29e5d5c8442a10aae4e7e304a4fbf548be6d,https://polygonscan.com/tx/0xa1f2377fc6c24d7cd9ca084cafec29e5d5c8442a10aae4e7e304a4fbf548be6d,polygon
0xb58c81460ef0167f492fb4900e9da60cc6fa1117bd5b67b2100bb5b5e5df8b0c,https://app.blocksec.com/explorer/security-incidents,polygon
0xb8efe839da0c89daa763f39f30577dc21937ae351c6f99336a0017e63d387558,https://phalcon.blocksec.com/tx/polygon/0xb8efe839da0c89daa763f39f30577dc21937ae351c6f99336a0017e63d387558,polygon
0xb8efe839da0c89daa763f39f30577dc21937ae351c6f99336a0017e63d387558,https://polygonscan.com/tx/0xb8efe839da0c89daa763f39f30577dc21937ae351c6f99336a0017e63d387558,polygon
0xd276b1ddff1bea52a8839c37976f4accb4751ca3f70092e66f88e53090452898,https://app.blocksec.com/explorer/security-incidents,polygon
0xdd82fde0cc2fb7bdc078aead655f6d5e75a267a47c33fa92b658e3573b93ef0c,https://polygonscan.com/tx/0xdd82fde0cc2fb7bdc078aead655f6d5e75a267a47c33fa92b658e3573b93ef0c,polygon
0xde51af983193b1be3844934b2937a76c19610ddefcdd3ffcf127db3e68749a50,https://phalcon.blocksec.com/explorer/tx/polygon/0xde51af983193b1be3844934b2937a76c19610ddefcdd3ffcf127db3e68749a50,polygon
0xde51af983193b1be3844934b2937a76c19610ddefcdd3ffcf127db3e68749a50,https://polygonscan.com/tx/0xde51af983193b1be3844934b2937a76c19610ddefcdd3ffcf127db3e68749a50,polygon
0xf95fd54b4b1ed0bc109a04df16d1d75106a4d007b186543467c975df94cd3276,https://polygonscan.com/tx/0xf95fd54b4b1ed0bc109a04df16d1d75106a4d007b186543467c975df94cd3276,polygon
0x375953bb0cf00b1e4aaa96c60511c0e171fd2c1170cced4d33a89335c3898af5,https://x.com/BeosinAlert/status/1797247874528645333,zksync-era
0x4156d73cadc18419220f5bcf10deb4d97a3d3f7533d63ba90daeabc5fd11ba17,https://app.blocksec.com/explorer/security-incidents,zksync-era
0x7ac4da1ea1b0903dfabda56f713ea5e4a960a3fc34467a844d037f86ee8bfe98,https://x.com/BeosinAlert/status/1683880646811299853,zksync-era
0x7ac4da1ea1b0903dfabda56f713ea5e4a960a3fc34467a844d037f86ee8bfe98,https://x.com/BlockSecTeam/status/1683824959452504065,zksync-era
0x99efebacb3edaa3ac34f7ef462fd8eed85b46be281bd1329abfb215a494ab0ef,https://x.com/BeosinAlert/status/1683880646811299853,zksync-era
0x99efebacb3edaa3ac34f7ef462fd8eed85b46be281bd1329abfb215a494ab0ef,https://era.zksync.network/tx/0x99efebacb3edaa3ac34f7ef462fd8eed85b46be281bd1329abfb215a494ab0ef,zksync-era
